亲和美园 大产权 电梯房 可以贷款必看好房,2室1厅 | 75.16平米 | 西南 | 毛坯 | 高楼层(共23层) | 板楼,45万5,988元/平
北苑电梯洋房 一楼带院精装好房拎包入住必看好房,3室1厅 | 123.54平米 | 南 北 | 精装 | 低楼层(共6层) | 板楼,185万14,975元/平
美域兰庭九层小高 一梯两户 满五年 精装修 产权清晰必看好房,2室2厅 | 98.04平米 | 南 北 | 精装 | 高楼层(共9层) | 板楼,184万18,768元/平
五期酩悦,精装三室小区中间位置,中楼层,有钥匙随时看必看好房,3室2厅 | 88.85平米 | 南 北 | 精装 | 8层 | 板楼,134万15,082元/平
梅江康城电梯房 低楼层 边户 靠小区门口出行便利必看好房,2室1厅 | 88.86平米 | 南 西 北 | 其他 | 低楼层(共24层) | 板楼,98万11,029元/平
珑园一期精装修三室，好楼位采光好，通透户型唯一必看好房,3室2厅 | 154.01平米 | 南 北 | 精装 | 22层 | 板塔结合,166万10,779元/平
万科翡翠嘉和 通透三室 有车位 家具家电可议必看好房,3室2厅 | 103.85平米 | 南 北 | 精装 | 25层 | 板楼,200万19,259元/平
只要给价就能谈，一步梅江。业主着急必看好房,2室1厅 | 75.16平米 | 西南 | 毛坯 | 高楼层(共23层) | 板楼,45万5,988元/平
佳和雅庭 2室1厅 南 北必看好房,2室1厅 | 70.98平米 | 南 北 | 精装 | 中楼层(共28层) | 塔楼,54万7,608元/平
顺通家园一室户型方正 出行便利 配套设施齐全必看好房,1室1厅 | 53.09平米 | 南 | 其他 | 高楼层(共18层) | 板楼,50万9,418元/平
视野开阔 采光充足 不靠后 配套成熟 医院地铁成熟必看好房,2室1厅 | 78.65平米 | 南 | 简装 | 高楼层(共6层) | 板楼,75万9,536元/平
金谊花园 两室一厅 好楼层 毛坯房 价格可议必看好房,2室1厅 | 81.76平米 | 东 南 | 其他 | 高楼层(共26层) | 塔楼,57万6,972元/平
顺通家园 环内电梯房 采光视野好 第1次交易 随时过户必看好房,1室1厅 | 53.93平米 | 南 | 简装 | 中楼层(共26层) | 板楼,46万8,530元/平
出售 恒益隆庭 两室带电梯 南北通透 中间楼层必看好房,2室2厅 | 90.26平米 | 南 北 | 精装 | 中楼层(共6层) | 板楼,87万9,639元/平
南北通透 采光好 精装修 一口价 已改地暖诚心出售必看好房,2室2厅 | 87.25平米 | 南 北 | 精装 | 高楼层(共11层) | 板楼,96.8万11,095元/平
奥体南 婚房装修 直接入住，诚心卖 采光好必看好房,2室1厅 | 69.13平米 | 南 | 精装 | 中楼层(共25层) | 板楼,92万13,309元/平
金瀚园毛坯二楼 , 前后无遮挡 , 标准H户型 .必看好房,2室1厅 | 92.64平米 | 南 北 | 毛坯 | 低楼层(共6层) | 板楼,103万11,119元/平
河西 户口，楼龄新间距大，停车位充足低，楼层采光好必看好房,1室1厅 | 53.76平米 | 南 | 精装 | 高楼层(共6层) | 板楼,80万14,881元/平
商品房小高层精装一室 户型方正 业主诚意出售必看好房,1室1厅 | 58.15平米 | 南 | 精装 | 11层 | 板塔结合,50万8,599元/平
出售大寺佳和华庭电梯房一室一厅楼层好采光好必看好房,1室1厅 | 61.37平米 | 南 | 简装 | 中楼层(共11层) | 板楼,45万7,333元/平
旭辉双阳两室完善社区楼层好视野宽阔必看好房,2室1厅 | 82.19平米 | 南 | 其他 | 中楼层(共28层) | 板塔结合,89万10,829元/平
中交开发 万科物业 两室好楼层 毛坯 满五唯一必看好房,2室2厅 | 82.99平米 | 南 北 | 毛坯 | 17层 | 板塔结合,97万11,689元/平
嘉园精装修一室盛和嘉园中间楼层私产能拎包入住必看好房,1室1厅 | 66.04平米 | 南 | 精装 | 29层 | 塔楼,58万8,783元/平
精装修，全阳户型，采光好，居住体验好必看好房,2室1厅 | 86.56平米 | 南 | 精装 | 中楼层(共11层) | 板楼,93万10,744元/平
美域豪庭商品房，1梯2户，出行方便，户型方正，诚意卖必看好房,2室1厅 | 99.61平米 | 南 北 | 简装 | 低楼层(共9层) | 板楼,188万18,874元/平
店长主推房源 过五年 精装修 难遏必通透 采光好必看好房,2室2厅 | 89.35平米 | 南 北 | 精装 | 中楼层(共11层) | 板楼,160万17,908元/平
富力津门湖云舒花园低楼层三居出售必看好房,3室2厅 | 142.84平米 | 南 北 | 精装 | 低楼层(共26层) | 板楼,263万18,413元/平
假日1楼带院 前后院 有钥匙随看 万科物业 全明户型必看好房,2室1厅 | 92.78平米 | 东 西 | 简装 | 低楼层(共11层) | 板塔结合,199万21,449元/平
中间楼层阳面1居室 看房方便价格可议必看好房,1室1厅 | 44.65平米 | 南 | 简装 | 中楼层(共6层) | 板楼,51.5万11,535元/平
中交樾公馆 万科物业 边户三居室 诚心出售 欢迎看房必看好房,3室1厅 | 97.82平米 | 南 北 | 简装 | 17层 | 板塔结合,121万12,370元/平
贝壳金选 正荣润璟湾 前排看运河 精装修中间层两室必看好房,2室1厅 | 81.45平米 | 南 | 精装 | 中楼层(共27层) | 板楼,125万15,347元/平
本房毛坯纯新未住，房主诚心出售，有钥匙看房方便必看好房,3室1厅 | 92.14平米 | 南 北 | 毛坯 | 高楼层(共18层) | 板塔结合,91万9,877元/平
此房满五唯一，精装修，房主诚意出售，家里干净必看好房,3室2厅 | 113.02平米 | 南 | 精装 | 高楼层(共5层) | 板楼,125万11,060元/平
两室 业主自住 精装修 随时提前联系看房必看好房,2室1厅 | 77.35平米 | 南 | 其他 | 低楼层(共18层) | 板楼,66.6万8,611元/平
此房不满两年 朝向好 交房自带装修 低总价必看好房,2室1厅 | 52.43平米 | 东 南 | 其他 | 中楼层(共30层) | 板楼,36万6,867元/平
诚心出售 金友花园边户精装修视野开阔值得购买必看好房,2室1厅 | 79.39平米 | 东 南 | 精装 | 高楼层(共18层) | 板楼,75万9,448元/平
7号线两室洋房，南通通透，2楼带露台必看好房,2室2厅 | 88.39平米 | 北 南 | 其他 | 低楼层(共6层) | 板楼,96万10,861元/平
柳兰花苑 采光好 通风好 业主诚心卖必看好房,2室1厅 | 67.66平米 | 南 | 简装 | 高楼层(共6层) | 板楼,50万7,390元/平
境界梅江 2室2厅 南 北必看好房,2室2厅 | 87.25平米 | 南 北 | 其他 | 高楼层(共18层) | 板楼,155万17,766元/平
正荣精装三房 全新未启 静候主人归家必看好房,3室2厅 | 94.24平米 | 南 | 简装 | 中楼层(共24层) | 板楼,140万14,856元/平
云锦观锦园二期，采光好，精装全明大两室必看好房,2室1厅 | 86.09平米 | 南 | 精装 | 高楼层(共26层) | 板楼,106万12,313元/平
电梯房 带阳台 采光不错 停车方便 生活成本低必看好房,1室1厅 | 63.72平米 | 南 | 简装 | 高楼层(共22层) | 板塔结合,52万8,161元/平
江湾广场 70年产权 功能分明 户型使用必看好房,1室1厅 | 57.45平米 | 东南 | 精装 | 低楼层(共30层) | 板楼,70万12,185元/平
诚心出售，无土地出让金，精装 大三室必看好房,3室1厅 | 120.19平米 | 南 北 | 简装 | 中楼层(共24层) | 板塔结合,105万8,737元/平
单价1.2万的水西公园旁社区随时看房，诚意满满哈必看好房,2室2厅 | 116.87平米 | 南 北 | 简装 | 高楼层(共6层) | 板楼,110万9,413元/平
中间楼层，景观很好，看房特方便，正常税费必看好房,3室2厅 | 177.72平米 | 南 北 | 简装 | 中楼层(共24层) | 板楼,450万25,321元/平
临地铁带电梯阳面1居室楼位好近门口交通便利必看好房,1室1厅 | 55.69平米 | 南 西 | 简装 | 低楼层(共18层) | 板楼,65万11,672元/平
万科南苑一期，真翡翠系精装，电梯洋房中间层，省个税必看好房,3室2厅 | 125.11平米 | 南 北 | 精装 | 11层 | 板楼,222万17,745元/平
近南站 交通出行便利 好楼层 电梯一居室必看好房,1室1厅 | 67.13平米 | 南 北 | 其他 | 高楼层(共25层) | 板楼,56万8,343元/平
华亭佳园 电梯小高 通透户型 中间楼层 价格可议必看好房,2室2厅 | 85.66平米 | 南 北 | 简装 | 中楼层(共11层) | 板楼,110万12,842元/平
电梯洋房，全新装修家具家电全新一次没用过 拎包入住必看好房,3室1厅 | 128.89平米 | 南 北 | 精装 | 中楼层(共7层) | 板楼,247万19,164元/平
建工集团、南北通透H户型、中间位置、中间楼层必看好房,2室1厅 | 88.92平米 | 南 北 | 其他 | 中楼层(共5层) | 板楼,165万18,557元/平
旭辉御府全阳两室 总价低 过五唯一省个税必看好房,2室2厅 | 82.19平米 | 南 | 简装 | 低楼层(共28层) | 板塔结合,79万9,612元/平
地铁八号线，全明两居，业主置换改善必看好房,2室1厅 | 91.79平米 | 南 北 | 精装 | 中楼层(共5层) | 板楼,129万14,054元/平
出售亲和良园电梯房全明户型采光无遮挡必看好房,2室1厅 | 75.17平米 | 东南 南 | 其他 | 中楼层(共24层) | 板楼,64万8,515元/平
小高层 一梯两户 h户型 过五年 产权清晰必看好房,2室1厅 | 83.59平米 | 南 北 | 精装 | 11层 | 板塔结合,83万9,930元/平
金地二期H+1户型 不临街不把边 带车位急售必看好房,3室2厅 | 123.97平米 | 南 北 | 精装 | 11层 | 板楼,227万18,311元/平
萍姐推荐经典L飘窗瞰景高层，没租过诚心卖，随时看房必看好房,2室2厅 | 93.19平米 | 南 | 简装 | 高楼层(共18层) | 板塔结合,78万8,370元/平
天津南站 精装上叠边户带电梯 改善好选择必看好房,3室1厅 | 129.05平米 | 南 北 | 精装 | 中楼层(共4层) | 板塔结合,232万17,978元/平
店长力推 燕南园洋房 楼层好 位置好 精装修拎包入住必看好房,3室2厅 | 94.63平米 | 南 北 | 精装 | 高楼层(共11层) | 板楼,129万13,633元/平
西子精装三室 满五年 中楼层视野佳 下楼就是公园必看好房,3室2厅 | 138.99平米 | 南 北 | 精装 | 中楼层(共31层) | 塔楼,289万20,793元/平
保利大品牌，一期，精装修，未住过人，边户，随时看房必看好房,3室2厅 | 89.78平米 | 南 东 北 | 精装 | 18层 | 板塔结合,159万17,710元/平
好房九区低楼层南北通透 方正户型 没有遮挡采光好必看好房,2室1厅 | 90.89平米 | 南 北 | 简装 | 低楼层(共6层) | 板楼,89万9,793元/平
中楼层 经典H户型 南北通透 有车位必看好房,2室2厅 | 94.76平米 | 南 北 | 简装 | 中楼层(共6层) | 板楼,162万17,096元/平
次新房，中间楼层，价格可议，诚意出售，外环以内必看好房,1室1厅 | 65.02平米 | 南 | 其他 | 25层 | 板塔结合,50万7,690元/平
中低楼层 采光好 随时看房 诚心出售必看好房,1室1厅 | 61.63平米 | 南 | 精装 | 低楼层(共16层) | 板楼,67万10,872元/平
四室临湖 直观梅江公园 老梅江顶跃房 二片梧桐必看好房,4室2厅 | 273.2平米 | 南 北 | 毛坯 | 高楼层(共27层) | 板楼,700万25,623元/平
国风星苑一期 自住精装两室 小区中间位置 有车位必看好房,2室2厅 | 84.57平米 | 南 北 | 精装 | 高楼层(共6层) | 板楼,130万15,372元/平
满五年，出行方便，配套齐全，而且位置好必看好房,3室1厅 | 91.76平米 | 南 北 | 精装 | 低楼层(共18层) | 板楼,145万15,803元/平
中骏电梯洋房 中楼层次新房 好位置 方便看房必看好房,3室2厅 | 103.21平米 | 南 | 毛坯 | 13层 | 板楼,110万10,658元/平
只要给价就能谈，一步梅江。业主着急必看好房,2室1厅 | 75.16平米 | 西南 | 毛坯 | 高楼层(共23层) | 板楼,45万5,988元/平
梅江康城电梯房 低楼层 边户 靠小区门口出行便利必看好房,2室1厅 | 88.86平米 | 南 西 北 | 其他 | 低楼层(共24层) | 板楼,98万11,029元/平
珑园一期精装修三室，好楼位采光好，通透户型唯一必看好房,3室2厅 | 154.01平米 | 南 北 | 精装 | 22层 | 板塔结合,166万10,779元/平
万科翡翠嘉和 通透三室 有车位 家具家电可议必看好房,3室2厅 | 103.85平米 | 南 北 | 精装 | 25层 | 板楼,200万19,259元/平
五期酩悦,精装三室小区中间位置,中楼层,有钥匙随时看必看好房,3室2厅 | 88.85平米 | 南 北 | 精装 | 8层 | 板楼,134万15,082元/平
精装修，全阳户型，采光好，居住体验好必看好房,2室1厅 | 86.56平米 | 南 | 精装 | 中楼层(共11层) | 板楼,93万10,744元/平
美域豪庭商品房，1梯2户，出行方便，户型方正，诚意卖必看好房,2室1厅 | 99.61平米 | 南 北 | 简装 | 低楼层(共9层) | 板楼,188万18,874元/平
中北镇精装三居室 观运河 视野好必看好房,3室1厅 | 93.43平米 | 南 北 | 精装 | 中楼层(共27层) | 板楼,150万16,055元/平
中交樾公馆 万科物业 边户三居室 诚心出售 欢迎看房必看好房,3室1厅 | 97.82平米 | 南 北 | 简装 | 17层 | 板塔结合,121万12,370元/平
大楼间距，通透两居，独立餐厅，新装修，看房方便必看好房,2室2厅 | 94.46平米 | 南 北 | 精装 | 低楼层(共21层) | 板楼,91.8万9,719元/平
假日1楼带院 前后院 有钥匙随看 万科物业 全明户型必看好房,2室1厅 | 92.78平米 | 东 西 | 简装 | 低楼层(共11层) | 板塔结合,199万21,449元/平
中间楼层阳面1居室 看房方便价格可议必看好房,1室1厅 | 44.65平米 | 南 | 简装 | 中楼层(共6层) | 板楼,51.5万11,535元/平
此房满两年，东侧隔条马路是南站，小区主打公园系列必看好房,3室2厅 | 108.56平米 | 南 北 | 精装 | 21层 | 板塔结合,160万14,739元/平
金谊花园 此房无遮挡 采光好 税费少 诚心出售必看好房,2室1厅 | 81.75平米 | 南 北 | 简装 | 高楼层(共26层) | 塔楼,53万6,484元/平
水溪苑 带装修 一室 诚心出售必看好房,1室1厅 | 62.95平米 | 南 | 简装 | 中楼层(共9层) | 板楼,69万10,962元/平
正荣润景湾一期，距离小区门口近，业主诚意卖必看好房,2室1厅 | 81.88平米 | 南 | 精装 | 低楼层(共25层) | 板楼,105万12,824元/平
福雅花园9楼 全阳户型 产权清晰 私产满五 随时可看必看好房,2室1厅 | 73.48平米 | 南 | 简装 | 中楼层(共18层) | 塔楼,89万12,113元/平
三室双卫 楼间距大 采光视野好 诚心出 满五唯一税费少必看好房,3室2厅 | 127.74平米 | 南 北 | 精装 | 低楼层(共27层) | 板楼,169万13,230元/平
中间楼层，南北通透，业主诚心卖，价格可以商量有钥匙必看好房,2室2厅 | 95.54平米 | 南 北 | 毛坯 | 中楼层(共20层) | 板楼,124万12,979元/平
一楼带院带车位 精装洋房，采光充足，交通便利必看好房,3室1厅 | 93.99平米 | 南 | 精装 | 低楼层(共7层) | 板楼,140万14,896元/平
顺通家园一室户型方正 出行便利 配套设施齐全必看好房,1室1厅 | 53.09平米 | 南 | 其他 | 高楼层(共18层) | 板楼,50万9,418元/平
佳和雅庭 2室1厅 南 北必看好房,2室1厅 | 70.98平米 | 南 北 | 精装 | 中楼层(共28层) | 塔楼,54万7,608元/平
亲和美园 大产权 电梯房 可以贷款必看好房,2室1厅 | 75.16平米 | 西南 | 毛坯 | 高楼层(共23层) | 板楼,45万5,988元/平
北苑电梯洋房 一楼带院精装好房拎包入住必看好房,3室1厅 | 123.54平米 | 南 北 | 精装 | 低楼层(共6层) | 板楼,185万14,975元/平
美域兰庭九层小高 一梯两户 满五年 精装修 产权清晰必看好房,2室2厅 | 98.04平米 | 南 北 | 精装 | 高楼层(共9层) | 板楼,184万18,768元/平
急售可随时过户 实用面积大 带车位 近小区口出入方便必看好房,3室2厅 | 183.57平米 | 南 北 | 其他 | 高楼层(共4层) | 板楼,298万16,234元/平
楼。王。纯次新房，交房到现在没住过人。随时看房必看好房,3室2厅 | 110.3平米 | 南 北 | 精装 | 26层 | 板塔结合,165万14,960元/平
环内洋房 阳面一居室价格低私产能贷款必看好房,1室1厅 | 35.25平米 | 南 | 简装 | 中楼层(共6层) | 板楼,38.2万10,837元/平
龙湖天街，双地铁，万科物业，精装修两室必看好房,2室1厅 | 64.52平米 | 东南 | 精装 | 高楼层(共34层) | 板塔结合,134万20,769元/平
保利拾光年 三室 30万的全屋智能定制精致装修 满两年必看好房,3室2厅 | 86.74平米 | 南 北 | 精装 | 16层 | 板楼,142万16,371元/平
河西天塔 双地铁 中间楼层 户型好 采光好必看好房,2室1厅 | 83.66平米 | 南 北 | 精装 | 中楼层(共6层) | 板楼,155万18,528元/平
金谊花园 两室一厅 好楼层 毛坯房 价格可议必看好房,2室1厅 | 81.76平米 | 东 南 | 其他 | 高楼层(共26层) | 塔楼,57万6,972元/平
顺通家园 环内电梯房 采光视野好 第1次交易 随时过户必看好房,1室1厅 | 53.93平米 | 南 | 简装 | 中楼层(共26层) | 板楼,46万8,530元/平
出售 恒益隆庭 两室带电梯 南北通透 中间楼层必看好房,2室2厅 | 90.26平米 | 南 北 | 精装 | 中楼层(共6层) | 板楼,87万9,639元/平
南北通透 采光好 精装修 一口价 已改地暖诚心出售必看好房,2室2厅 | 87.25平米 | 南 北 | 精装 | 高楼层(共11层) | 板楼,96.8万11,095元/平
奥体南 婚房装修 直接入住，诚心卖 采光好必看好房,2室1厅 | 69.13平米 | 南 | 精装 | 中楼层(共25层) | 板楼,92万13,309元/平
中交开发 万科物业 两室好楼层 毛坯 满五唯一必看好房,2室2厅 | 82.99平米 | 南 北 | 毛坯 | 17层 | 板塔结合,97万11,689元/平
视野开阔 采光充足 不靠后 配套成熟 医院地铁成熟必看好房,2室1厅 | 78.65平米 | 南 | 简装 | 高楼层(共6层) | 板楼,75万9,536元/平
出售大寺佳和华庭电梯房一室一厅楼层好采光好必看好房,1室1厅 | 61.37平米 | 南 | 简装 | 中楼层(共11层) | 板楼,45万7,333元/平
旭辉双阳两室完善社区楼层好视野宽阔必看好房,2室1厅 | 82.19平米 | 南 | 其他 | 中楼层(共28层) | 板塔结合,89万10,829元/平
嘉园精装修一室盛和嘉园中间楼层私产能拎包入住必看好房,1室1厅 | 66.04平米 | 南 | 精装 | 29层 | 塔楼,58万8,783元/平
金瀚园毛坯二楼 , 前后无遮挡 , 标准H户型 .必看好房,2室1厅 | 92.64平米 | 南 北 | 毛坯 | 低楼层(共6层) | 板楼,103万11,119元/平
商品房小高层精装一室 户型方正 业主诚意出售必看好房,1室1厅 | 58.15平米 | 南 | 精装 | 11层 | 板塔结合,50万8,599元/平
河西 户口，楼龄新间距大，停车位充足低，楼层采光好必看好房,1室1厅 | 53.76平米 | 南 | 精装 | 高楼层(共6层) | 板楼,80万14,881元/平
福姜西里 环内洋房 三楼 明厅 满五唯一 可塑性强必看好房,1室1厅 | 61.13平米 | 南 北 | 简装 | 中楼层(共6层) | 板楼,65万10,634元/平
南北通透，电梯房，采光视野无遮挡，有车位必看好房,2室2厅 | 95.47平米 | 南 北 | 精装 | 高楼层(共9层) | 板楼,148万15,503元/平
碧珺园 精装修 全明通透 采光好 随时看房 价格可议必看好房,3室2厅 | 139.36平米 | 南 | 精装 | 高楼层(共30层) | 板楼,189万13,562元/平
金地六期 精装修 业主急售 看房随时 价格可议必看好房,3室1厅 | 89.16平米 | 南 | 精装 | 高楼层(共9层) | 暂无数据,139万15,590元/平
东户明卫 带车位 满五唯一 无贷款 带露台必看好房,3室2厅 | 125.09平米 | 南 北 | 其他 | 中楼层(共5层) | 板楼,189万15,110元/平
店长力推 瑞安里三室 带装修 拎包入住 带30平地下室必看好房,3室2厅 | 147.48平米 | 南 北 | 简装 | 中楼层(共6层) | 板楼,145万9,832元/平
贝壳金选 正荣润璟湾 前排看运河 精装修中间层两室必看好房,2室1厅 | 81.45平米 | 南 | 精装 | 中楼层(共27层) | 板楼,125万15,347元/平
本房毛坯纯新未住，房主诚心出售，有钥匙看房方便必看好房,3室1厅 | 92.14平米 | 南 北 | 毛坯 | 高楼层(共18层) | 板塔结合,91万9,877元/平
此房满五唯一，精装修，房主诚意出售，家里干净必看好房,3室2厅 | 113.02平米 | 南 | 精装 | 高楼层(共5层) | 板楼,125万11,060元/平
两室 业主自住 精装修 随时提前联系看房必看好房,2室1厅 | 77.35平米 | 南 | 其他 | 低楼层(共18层) | 板楼,66.6万8,611元/平
此房不满两年 朝向好 交房自带装修 低总价必看好房,2室1厅 | 52.43平米 | 东 南 | 其他 | 中楼层(共30层) | 板楼,36万6,867元/平
诚心出售 金友花园边户精装修视野开阔值得购买必看好房,2室1厅 | 79.39平米 | 东 南 | 精装 | 高楼层(共18层) | 板楼,75万9,448元/平
7号线两室洋房，南通通透，2楼带露台必看好房,2室2厅 | 88.39平米 | 北 南 | 其他 | 低楼层(共6层) | 板楼,96万10,861元/平
柳兰花苑 采光好 通风好 业主诚心卖必看好房,2室1厅 | 67.66平米 | 南 | 简装 | 高楼层(共6层) | 板楼,50万7,390元/平
境界梅江 2室2厅 南 北必看好房,2室2厅 | 87.25平米 | 南 北 | 其他 | 高楼层(共18层) | 板楼,155万17,766元/平
正荣精装三房 全新未启 静候主人归家必看好房,3室2厅 | 94.24平米 | 南 | 简装 | 中楼层(共24层) | 板楼,140万14,856元/平
云锦观锦园二期，采光好，精装全明大两室必看好房,2室1厅 | 86.09平米 | 南 | 精装 | 高楼层(共26层) | 板楼,106万12,313元/平
电梯房 带阳台 采光不错 停车方便 生活成本低必看好房,1室1厅 | 63.72平米 | 南 | 简装 | 高楼层(共22层) | 板塔结合,52万8,161元/平
江湾广场 70年产权 功能分明 户型使用必看好房,1室1厅 | 57.45平米 | 东南 | 精装 | 低楼层(共30层) | 板楼,70万12,185元/平
诚心出售，无土地出让金，精装 大三室必看好房,3室1厅 | 120.19平米 | 南 北 | 简装 | 中楼层(共24层) | 板塔结合,105万8,737元/平
单价1.2万的水西公园旁社区随时看房，诚意满满哈必看好房,2室2厅 | 116.87平米 | 南 北 | 简装 | 高楼层(共6层) | 板楼,110万9,413元/平
中间楼层，景观很好，看房特方便，正常税费必看好房,3室2厅 | 177.72平米 | 南 北 | 简装 | 中楼层(共24层) | 板楼,450万25,321元/平
临地铁带电梯阳面1居室楼位好近门口交通便利必看好房,1室1厅 | 55.69平米 | 南 西 | 简装 | 低楼层(共18层) | 板楼,65万11,672元/平
万科南苑一期，真翡翠系精装，电梯洋房中间层，省个税必看好房,3室2厅 | 125.11平米 | 南 北 | 精装 | 11层 | 板楼,222万17,745元/平
近南站 交通出行便利 好楼层 电梯一居室必看好房,1室1厅 | 67.13平米 | 南 北 | 其他 | 高楼层(共25层) | 板楼,56万8,343元/平
华亭佳园 电梯小高 通透户型 中间楼层 价格可议必看好房,2室2厅 | 85.66平米 | 南 北 | 简装 | 中楼层(共11层) | 板楼,110万12,842元/平
电梯洋房，全新装修家具家电全新一次没用过 拎包入住必看好房,3室1厅 | 128.89平米 | 南 北 | 精装 | 中楼层(共7层) | 板楼,247万19,164元/平
建工集团、南北通透H户型、中间位置、中间楼层必看好房,2室1厅 | 88.92平米 | 南 北 | 其他 | 中楼层(共5层) | 板楼,165万18,557元/平
旭辉御府全阳两室 总价低 过五唯一省个税必看好房,2室2厅 | 82.19平米 | 南 | 简装 | 低楼层(共28层) | 板塔结合,79万9,612元/平
地铁八号线，全明两居，业主置换改善必看好房,2室1厅 | 91.79平米 | 南 北 | 精装 | 中楼层(共5层) | 板楼,129万14,054元/平
出售亲和良园电梯房全明户型采光无遮挡必看好房,2室1厅 | 75.17平米 | 东南 南 | 其他 | 中楼层(共24层) | 板楼,64万8,515元/平
小高层 一梯两户 h户型 过五年 产权清晰必看好房,2室1厅 | 83.59平米 | 南 北 | 精装 | 11层 | 板塔结合,83万9,930元/平
金地二期H+1户型 不临街不把边 带车位急售必看好房,3室2厅 | 123.97平米 | 南 北 | 精装 | 11层 | 板楼,227万18,311元/平
萍姐推荐经典L飘窗瞰景高层，没租过诚心卖，随时看房必看好房,2室2厅 | 93.19平米 | 南 | 简装 | 高楼层(共18层) | 板塔结合,78万8,370元/平
天津南站 精装上叠边户带电梯 改善好选择必看好房,3室1厅 | 129.05平米 | 南 北 | 精装 | 中楼层(共4层) | 板塔结合,232万17,978元/平
店长力推 燕南园洋房 楼层好 位置好 精装修拎包入住必看好房,3室2厅 | 94.63平米 | 南 北 | 精装 | 高楼层(共11层) | 板楼,129万13,633元/平
西子精装三室 满五年 中楼层视野佳 下楼就是公园必看好房,3室2厅 | 138.99平米 | 南 北 | 精装 | 中楼层(共31层) | 塔楼,289万20,793元/平
保利大品牌，一期，精装修，未住过人，边户，随时看房必看好房,3室2厅 | 89.78平米 | 南 东 北 | 精装 | 18层 | 板塔结合,159万17,710元/平
好房九区低楼层南北通透 方正户型 没有遮挡采光好必看好房,2室1厅 | 90.89平米 | 南 北 | 简装 | 低楼层(共6层) | 板楼,89万9,793元/平
中楼层 经典H户型 南北通透 有车位必看好房,2室2厅 | 94.76平米 | 南 北 | 简装 | 中楼层(共6层) | 板楼,162万17,096元/平
次新房，中间楼层，价格可议，诚意出售，外环以内必看好房,1室1厅 | 65.02平米 | 南 | 其他 | 25层 | 板塔结合,50万7,690元/平
中低楼层 采光好 随时看房 诚心出售必看好房,1室1厅 | 61.63平米 | 南 | 精装 | 低楼层(共16层) | 板楼,67万10,872元/平
四室临湖 直观梅江公园 老梅江顶跃房 二片梧桐必看好房,4室2厅 | 273.2平米 | 南 北 | 毛坯 | 高楼层(共27层) | 板楼,700万25,623元/平
国风星苑一期 自住精装两室 小区中间位置 有车位必看好房,2室2厅 | 84.57平米 | 南 北 | 精装 | 高楼层(共6层) | 板楼,130万15,372元/平
满五年，出行方便，配套齐全，而且位置好必看好房,3室1厅 | 91.76平米 | 南 北 | 精装 | 低楼层(共18层) | 板楼,145万15,803元/平
中骏电梯洋房 中楼层次新房 好位置 方便看房必看好房,3室2厅 | 103.21平米 | 南 | 毛坯 | 13层 | 板楼,110万10,658元/平
只要给价就能谈，一步梅江。业主着急必看好房,2室1厅 | 75.16平米 | 西南 | 毛坯 | 高楼层(共23层) | 板楼,45万5,988元/平
梅江康城电梯房 低楼层 边户 靠小区门口出行便利必看好房,2室1厅 | 88.86平米 | 南 西 北 | 其他 | 低楼层(共24层) | 板楼,98万11,029元/平
珑园一期精装修三室，好楼位采光好，通透户型唯一必看好房,3室2厅 | 154.01平米 | 南 北 | 精装 | 22层 | 板塔结合,166万10,779元/平
万科翡翠嘉和 通透三室 有车位 家具家电可议必看好房,3室2厅 | 103.85平米 | 南 北 | 精装 | 25层 | 板楼,200万19,259元/平
五期酩悦,精装三室小区中间位置,中楼层,有钥匙随时看必看好房,3室2厅 | 88.85平米 | 南 北 | 精装 | 8层 | 板楼,134万15,082元/平
精装修，全阳户型，采光好，居住体验好必看好房,2室1厅 | 86.56平米 | 南 | 精装 | 中楼层(共11层) | 板楼,93万10,744元/平
美域豪庭商品房，1梯2户，出行方便，户型方正，诚意卖必看好房,2室1厅 | 99.61平米 | 南 北 | 简装 | 低楼层(共9层) | 板楼,188万18,874元/平
中北镇精装三居室 观运河 视野好必看好房,3室1厅 | 93.43平米 | 南 北 | 精装 | 中楼层(共27层) | 板楼,150万16,055元/平
中交樾公馆 万科物业 边户三居室 诚心出售 欢迎看房必看好房,3室1厅 | 97.82平米 | 南 北 | 简装 | 17层 | 板塔结合,121万12,370元/平
大楼间距，通透两居，独立餐厅，新装修，看房方便必看好房,2室2厅 | 94.46平米 | 南 北 | 精装 | 低楼层(共21层) | 板楼,91.8万9,719元/平
假日1楼带院 前后院 有钥匙随看 万科物业 全明户型必看好房,2室1厅 | 92.78平米 | 东 西 | 简装 | 低楼层(共11层) | 板塔结合,199万21,449元/平
中间楼层阳面1居室 看房方便价格可议必看好房,1室1厅 | 44.65平米 | 南 | 简装 | 中楼层(共6层) | 板楼,51.5万11,535元/平
此房满两年，东侧隔条马路是南站，小区主打公园系列必看好房,3室2厅 | 108.56平米 | 南 北 | 精装 | 21层 | 板塔结合,160万14,739元/平
金谊花园 此房无遮挡 采光好 税费少 诚心出售必看好房,2室1厅 | 81.75平米 | 南 北 | 简装 | 高楼层(共26层) | 塔楼,53万6,484元/平
水溪苑 带装修 一室 诚心出售必看好房,1室1厅 | 62.95平米 | 南 | 简装 | 中楼层(共9层) | 板楼,69万10,962元/平
正荣润景湾一期，距离小区门口近，业主诚意卖必看好房,2室1厅 | 81.88平米 | 南 | 精装 | 低楼层(共25层) | 板楼,105万12,824元/平
福雅花园9楼 全阳户型 产权清晰 私产满五 随时可看必看好房,2室1厅 | 73.48平米 | 南 | 简装 | 中楼层(共18层) | 塔楼,89万12,113元/平
三室双卫 楼间距大 采光视野好 诚心出 满五唯一税费少必看好房,3室2厅 | 127.74平米 | 南 北 | 精装 | 低楼层(共27层) | 板楼,169万13,230元/平
中间楼层，南北通透，业主诚心卖，价格可以商量有钥匙必看好房,2室2厅 | 95.54平米 | 南 北 | 毛坯 | 中楼层(共20层) | 板楼,124万12,979元/平
一楼带院带车位 精装洋房，采光充足，交通便利必看好房,3室1厅 | 93.99平米 | 南 | 精装 | 低楼层(共7层) | 板楼,140万14,896元/平
贝壳金选 正荣润璟湾 前排看运河 精装修中间层两室必看好房,2室1厅 | 81.45平米 | 南 | 精装 | 中楼层(共27层) | 板楼,125万15,347元/平
电梯房 带阳台 采光不错 停车方便 生活成本低必看好房,1室1厅 | 63.72平米 | 南 | 简装 | 高楼层(共22层) | 板塔结合,52万8,161元/平
7号线两室洋房，南通通透，2楼带露台必看好房,2室2厅 | 88.39平米 | 北 南 | 其他 | 低楼层(共6层) | 板楼,96万10,861元/平
江湾广场 70年产权 功能分明 户型使用必看好房,1室1厅 | 57.45平米 | 东南 | 精装 | 低楼层(共30层) | 板楼,70万12,185元/平
华亭佳园 电梯小高 通透户型 中间楼层 价格可议必看好房,2室2厅 | 85.66平米 | 南 北 | 简装 | 中楼层(共11层) | 板楼,110万12,842元/平
东户明卫 带车位 满五唯一 无贷款 带露台必看好房,3室2厅 | 125.09平米 | 南 北 | 其他 | 中楼层(共5层) | 板楼,189万15,110元/平
正荣精装三房 全新未启 静候主人归家必看好房,3室2厅 | 94.24平米 | 南 | 简装 | 中楼层(共24层) | 板楼,140万14,856元/平
云锦观锦园二期，采光好，精装全明大两室必看好房,2室1厅 | 86.09平米 | 南 | 精装 | 高楼层(共26层) | 板楼,106万12,313元/平
单价1.2万的水西公园旁社区随时看房，诚意满满哈必看好房,2室2厅 | 116.87平米 | 南 北 | 简装 | 高楼层(共6层) | 板楼,110万9,413元/平
店长力推 瑞安里三室 带装修 拎包入住 带30平地下室必看好房,3室2厅 | 147.48平米 | 南 北 | 简装 | 中楼层(共6层) | 板楼,145万9,832元/平
福姜西里 环内洋房 三楼 明厅 满五唯一 可塑性强必看好房,1室1厅 | 61.13平米 | 南 北 | 简装 | 中楼层(共6层) | 板楼,65万10,634元/平
临地铁带电梯阳面1居室楼位好近门口交通便利必看好房,1室1厅 | 55.69平米 | 南 西 | 简装 | 低楼层(共18层) | 板楼,65万11,672元/平
两室 业主自住 精装修 随时提前联系看房必看好房,2室1厅 | 77.35平米 | 南 | 其他 | 低楼层(共18层) | 板楼,66.6万8,611元/平
此房不满两年 朝向好 交房自带装修 低总价必看好房,2室1厅 | 52.43平米 | 东 南 | 其他 | 中楼层(共30层) | 板楼,36万6,867元/平
诚心出售 金友花园边户精装修视野开阔值得购买必看好房,2室1厅 | 79.39平米 | 东 南 | 精装 | 高楼层(共18层) | 板楼,75万9,448元/平
中间楼层，景观很好，看房特方便，正常税费必看好房,3室2厅 | 177.72平米 | 南 北 | 简装 | 中楼层(共24层) | 板楼,450万25,321元/平
本房毛坯纯新未住，房主诚心出售，有钥匙看房方便必看好房,3室1厅 | 92.14平米 | 南 北 | 毛坯 | 高楼层(共18层) | 板塔结合,91万9,877元/平
此房满五唯一，精装修，房主诚意出售，家里干净必看好房,3室2厅 | 113.02平米 | 南 | 精装 | 高楼层(共5层) | 板楼,125万11,060元/平
美域豪庭商品房，1梯2户，出行方便，户型方正，诚意卖必看好房,2室1厅 | 99.61平米 | 南 北 | 简装 | 低楼层(共9层) | 板楼,188万18,874元/平
精装修，全阳户型，采光好，居住体验好必看好房,2室1厅 | 86.56平米 | 南 | 精装 | 中楼层(共11层) | 板楼,93万10,744元/平
溪悦园 一室 带装修 电梯房 急售必看好房,1室1厅 | 61.9平米 | 南 | 简装 | 高楼层(共24层) | 板楼,54万8,724元/平
满五唯一，业主诚意出售，自己住装修保持的好必看好房,2室1厅 | 82.01平米 | 南 | 其他 | 低楼层(共24层) | 板楼,95万11,584元/平
凯信佳园两室 户型方正低楼层 店长推荐您可以放心购买必看好房,2室2厅 | 98.81平米 | 南 北 | 简装 | 低楼层(共6层) | 板楼,136万13,764元/平
御溪园 全阳精装 格局方正 诚意出售必看好房,2室1厅 | 90.77平米 | 南 | 精装 | 高楼层(共18层) | 板楼,114万12,560元/平
改善来看 三室两厅 两卫 中间楼层必看好房,3室2厅 | 147.48平米 | 南 北 | 简装 | 中楼层(共6层) | 板楼,145万9,832元/平
高新区融汇精装房 全明两居 中楼层 满五年 随时过户必看好房,2室2厅 | 72.45平米 | 南 北 | 精装 | 高楼层(共25层) | 板塔结合,120.6万16,646元/平
南北通透，好楼层，视野好，精装修，诚心出售必看好房,2室1厅 | 85.89平米 | 南 北 | 精装 | 11层 | 板塔结合,116万13,506元/平
两室中间楼层随时看房诚意出售欢迎随时来电预购从速必看好房,2室1厅 | 88.59平米 | 南 北 | 精装 | 中楼层(共18层) | 板楼,108万12,191元/平
D铁次新房，中高楼层，精装修，未入住，即买即住必看好房,3室2厅 | 113.68平米 | 南 北 | 精装 | 30层 | 板塔结合,155万13,635元/平
有钥匙 随时看房 价格可谈，H通透，大厨房大餐厅必看好房,2室1厅 | 109.77平米 | 南 北 | 简装 | 中楼层(共6层) | 板楼,96万8,746元/平
业主诚心出售 价格可议 有钥匙必看好房,1室1厅 | 63.6平米 | 南 | 简装 | 中楼层(共11层) | 板楼,58万9,120元/平
电梯正规一居室、采光充足、视野好、临地铁，诚意卖必看好房,1室1厅 | 55.86平米 | 南 | 精装 | 低楼层(共25层) | 板楼,63万11,279元/平
和瑞园好楼层 好楼位 好户型 满五唯一 值得您拥有必看好房,1室1厅 | 55.86平米 | 东南 | 简装 | 中楼层(共25层) | 板楼,66万11,816元/平
国兴佳园，客厅带阳台，一室，户型好，业主急售必看好房,1室1厅 | 64.95平米 | 南 | 简装 | 高楼层(共22层) | 板塔结合,53.8万8,284元/平
店长推荐：采光好，出行方便，配套齐全必看好房,1室1厅 | 66.4平米 | 南 | 精装 | 高楼层(共16层) | 板楼,57万8,585元/平
央企自持物业，通透三室，电梯房，业主急售必看好房,3室2厅 | 89.56平米 | 南 北 | 其他 | 低楼层(共18层) | 板楼,110万12,283元/平
精装拎包住，小高电梯一居室，好楼位好楼层，随时看必看好房,1室1厅 | 65.77平米 | 南 | 精装 | 中楼层(共11层) | 板楼,66万10,035元/平
保利品质 三室双卫 满五唯一 精装修必看好房,3室2厅 | 101.78平米 | 南 | 精装 | 中楼层(共24层) | 板楼,135万13,264元/平
刚需 方正一室 总价低商品房必看好房,1室1厅 | 66.48平米 | 南 北 | 简装 | 高楼层(共18层) | 板塔结合,42万6,318元/平
梅江江湾广场一居室，诚心出售,70年，楼下配套齐全必看好房,1室1厅 | 40.81平米 | 南 北 | 简装 | 低楼层(共30层) | 板楼,58.8万14,409元/平
南北通透双阳面3楼大两室，私产可贷款业主诚心出售必看好房,2室1厅 | 98.81平米 | 南 北 | 简装 | 中楼层(共6层) | 板楼,129万13,056元/平
三室两卫，明厨明卫，南北通透好户型，诚心出售必看好房,3室2厅 | 110.28平米 | 南 北 | 精装 | 低楼层(共18层) | 板楼,113万10,247元/平
满二唯一 万科物业 业主诚心卖必看好房,2室2厅 | 85.63平米 | 南 | 其他 | 11层 | 板塔结合,119万13,897元/平
凯信佳园两室 户型方正低楼层 店长推荐您可以放心购买必看好房,2室2厅 | 98.81平米 | 南 北 | 简装 | 低楼层(共6层) | 板楼,136万13,764元/平
全阳一室改两室带阳台楼层好采光无遮挡必看好房,1室1厅 | 70.04平米 | 南 | 其他 | 中楼层(共18层) | 板楼,78万11,137元/平
近日登记的 观景房 南北通透 婚房必看好房,2室1厅 | 89平米 | 南 北 | 简装 | 中楼层(共22层) | 板楼,140万15,731元/平
万科翡翠北苑洋房中间层出售 D铁上盖 带精装修必看好房,3室2厅 | 94.9平米 | 南 北 | 精装 | 中楼层(共7层) | 板楼,179.9万18,957元/平
距离地铁站200米。私产可贷款！必看好房,1室0厅 | 28.42平米 | 南 | 精装 | 高楼层(共6层) | 板楼,28万9,853元/平
标准层 精装修 南北通透 好户型 好位置 看房方便必看好房,3室2厅 | 115.86平米 | 南 北 | 精装 | 中楼层(共5层) | 板楼,157万13,551元/平
依润园 三阳户型 好楼层 万科物业必看好房,2室2厅 | 65.95平米 | 南 | 精装 | 高楼层(共28层) | 板楼,100万15,164元/平
溪悦园 全阳户型 采光视野很好 急售必看好房,1室1厅 | 59.59平米 | 南 | 精装 | 低楼层(共24层) | 板楼,60万10,069元/平
一梯两户小高层 带车位 3米挑高 户型方正必看好房,3室2厅 | 127.87平米 | 南 北 | 其他 | 高楼层(共11层) | 塔楼,270万21,116元/平
采光好小区环境好品质高 H户型必看好房,3室2厅 | 98.25平米 | 南 北 | 其他 | 11层 | 板楼,135万13,741元/平
枫桥园 南北通透两室 明卫 出门地铁 电梯房必看好房,2室1厅 | 90.18平米 | 南 北 | 精装 | 中楼层(共18层) | 板楼,126万13,973元/平
格调平园电梯洋房 通透2室精装修 有车位必看好房,2室2厅 | 101平米 | 南 北 | 精装 | 中楼层(共9层) | 板楼,280万27,723元/平
精装两室 采光无遮挡 南向户型 近地铁5号线必看好房,2室2厅 | 91.52平米 | 南 北 | 精装 | 低楼层(共26层) | 板楼,97万10,599元/平
融泰城 洋房精装修30万一天没住过 有车位 价格可议必看好房,3室2厅 | 110.35平米 | 南 北 | 精装 | 中楼层(共7层) | 板塔结合,185万16,765元/平
户型方正 适合老人居住 出门有站牌 出行方便必看好房,2室2厅 | 91.96平米 | 南 北 | 简装 | 低楼层(共11层) | 板楼,99万10,766元/平
旭辉御府 三期 精装两室 中间楼层 随时看房必看好房,2室2厅 | 87.99平米 | 南 | 精装 | 低楼层(共30层) | 塔楼,109.5万12,445元/平
房子包大税，南北全明户型，业主一天没有住过必看好房,3室2厅 | 89.41平米 | 南 | 毛坯 | 低楼层(共18层) | 暂无数据,148万16,553元/平
金地水西印 洋房社区 次新房 环境好 没遮挡随时看房必看好房,3室2厅 | 126.96平米 | 南 北 | 毛坯 | 低楼层(共7层) | 板楼,329万25,914元/平
博园洋房三室，中间楼层带车位，满五唯一省税必看好房,3室2厅 | 89.03平米 | 南 北 | 精装 | 中楼层(共8层) | 板塔结合,126万14,153元/平
远洋万和城 三期精装全明 好楼层小三室 有地下车位必看好房,3室1厅 | 94.73平米 | 南 | 精装 | 中楼层(共24层) | 板楼,136万14,357元/平
万科物业环境幽美配套齐全交通便利必看好房,2室1厅 | 73.75平米 | 南 | 简装 | 低楼层(共16层) | 板楼,117.5万15,933元/平
梅江康城 三期洋房 户型不错 看房基本随时可以必看好房,3室2厅 | 126.24平米 | 南 | 精装 | 中楼层(共5层) | 板楼,173万13,705元/平
急售好房，满五年，配套齐全，通透的H户型，楼位好必看好房,2室2厅 | 98.4平米 | 南 北 | 精装 | 中楼层(共18层) | 板楼,185万18,801元/平
梅江康城 通透两室 电梯房 自住房子 诚意卖必看好房,2室1厅 | 91.42平米 | 南 北 | 精装 | 高楼层(共27层) | 板楼,98万10,720元/平
水溪苑后排中北大道出门地铁8号线 采光好视野好必看好房,2室1厅 | 94.67平米 | 南 | 精装 | 高楼层(共18层) | 板楼,120万12,676元/平
高新区金融街融汇 精装三居 全明通透 满五年 无尾款必看好房,3室2厅 | 89.87平米 | 南 北 | 精装 | 低楼层(共11层) | 板塔结合,156万17,359元/平
诚信出售户型好视野开阔价格可议必看好房,2室1厅 | 79.56平米 | 南 北 | 精装 | 高楼层(共18层) | 板楼,72万9,050元/平
中信好位置两室全明户型 电梯房 业主诚意出售必看好房,2室1厅 | 89平米 | 南 | 其他 | 中楼层(共30层) | 板楼,160万17,978元/平
绿城桂语朝阳 通透边户 采光好 位置好 价格可商量必看好房,3室2厅 | 89.56平米 | 南 北 | 毛坯 | 低楼层(共26层) | 板楼,100万11,166元/平
梅江富力津门湖通透两居室，楼下地铁，龙湖天街必看好房,2室1厅 | 89.33平米 | 南 北 | 精装 | 中楼层(共31层) | 板楼,173万19,367元/平
融泰城洋房中间楼层 小三室 精装修 采光巨好必看好房,3室1厅 | 91.99平米 | 南 北 | 精装 | 11层 | 板塔结合,144万15,654元/平
人车分流 过两年 位置佳 采光好 精装修 随时看房必看好房,2室1厅 | 89.07平米 | 南 北 | 精装 | 22层 | 板楼,159万17,852元/平
一室独单 精装修 南向无遮挡 采光好 视野好 满五唯一必看好房,1室1厅 | 54.34平米 | 南 | 精装 | 高楼层(共6层) | 板楼,93万17,115元/平
金谊花园 2室1厅 南必看好房,2室1厅 | 81.76平米 | 南 | 精装 | 低楼层(共26层) | 塔楼,58万7,094元/平
好楼层房子户型通透，房型好，楼间距大，采光无遮挡必看好房,2室1厅 | 79.56平米 | 南 | 其他 | 中楼层(共18层) | 板楼,73.5万9,239元/平
燕宇花园 南開籍 一楼 三室两卫 带车位 满五唯一必看好房,3室2厅 | 131.79平米 | 南 北 | 简装 | 6层 | 板楼,218万16,542元/平
金地艺墅家 电梯洋房 精装修 楼层好 采光好必看好房,3室2厅 | 90.1平米 | 南 北 | 精装 | 中楼层(共9层) | 板楼,142万15,761元/平
万达旁 3楼 无遮挡 有钥匙 满五唯一必看好房,3室2厅 | 116.3平米 | 南 北 | 其他 | 中楼层(共6层) | 板楼,99万8,513元/平
洋房三楼 带独立餐厅 不靠边 两车位必看好房,2室2厅 | 93.32平米 | 南 北 | 其他 | 中楼层(共5层) | 板楼,169万18,110元/平
扩景三向窗 精装房 近小区门口 大门公园 地暖阁楼必看好房,3室2厅 | 105.17平米 | 南 西 北 | 精装 | 高楼层(共7层) | 板楼,189万17,971元/平
业主产权清晰 毛坯房 通透户型 没住过人必看好房,2室1厅 | 94.4平米 | 南 北 | 其他 | 低楼层(共24层) | 板楼,135万14,301元/平
业主诚心出售，通风好，装修保持不错必看好房,2室1厅 | 87.79平米 | 南 | 精装 | 中楼层(共11层) | 板塔结合,112万12,758元/平
南岸家园带电梯总价低业主诚意出售必看好房,1室1厅 | 50.54平米 | 南 | 毛坯 | 24层 | 板楼,38万7,519元/平
万科翡翠现房 即买即住 业主诚心出售 中间楼层必看好房,3室2厅 | 111.03平米 | 南 | 精装 | 27层 | 板塔结合,199万17,924元/平
位置好，不临街，院子大，诚意出售必看好房,6室3厅 | 306.51平米 | 南 北 | 简装 | 2层 | 板楼 | 独栋别墅,550万17,944元/平
两室低楼层带装修随时看房诚意出售欢迎随时看房必看好房,2室1厅 | 90.96平米 | 南 北 | 其他 | 低楼层(共24层) | 板楼,93万10,225元/平
环境好 阳面户型 全明格局好 采光好必看好房,2室1厅 | 93.75平米 | 南 | 其他 | 低楼层(共24层) | 板楼,122万13,014元/平
保利罗兰全阳明堂视野好精装诚意卖随时签约必看好房,3室1厅 | 106.73平米 | 南 北 | 精装 | 中楼层(共8层) | 板楼,172万16,116元/平
房源采光好，出行方便，配套齐全，大三室，必看好房,3室1厅 | 132.62平米 | 南 北 | 简装 | 高楼层(共15层) | 板楼,139.9万10,549元/平
嘉郡花园 通透两室 观水系公园 价格有优势 别看报价必看好房,2室2厅 | 86.54平米 | 南 | 精装 | 高楼层(共26层) | 板楼,154万17,796元/平
溪悦园 一室 带装修 电梯房 急售必看好房,1室1厅 | 61.9平米 | 南 | 简装 | 高楼层(共24层) | 板楼,54万8,724元/平
万科两室 精装修 全阳户型 采光好 视野开阔 看房方便必看好房,2室1厅 | 70.16平米 | 南 | 其他 | 高楼层(共32层) | 板塔结合,102万14,539元/平
新上富力湾 人车分流 4居全明户型 中间楼层 停车方便必看好房,4室2厅 | 172.29平米 | 南 北 | 精装 | 低楼层(共28层) | 板楼,283万16,426元/平
人和院 电梯房 南北通透 好楼层 自住 诚意卖 看房方便必看好房,2室1厅 | 95.36平米 | 南 北 | 其他 | 高楼层(共11层) | 板楼,108万11,326元/平
龙居一楼精装出行方便两室 拎包入住随时看房必看好房,2室1厅 | 78.84平米 | 南 | 精装 | 低楼层(共6层) | 板楼,77万9,767元/平
精装修一年半，没住过人，拎包入住无需担心甲醛必看好房,3室1厅 | 97.59平米 | 南 | 精装 | 15层 | 板塔结合,148万15,166元/平
溪竹苑 经典一室 采光好 位置佳 随时看房必看好房,1室1厅 | 60.81平米 | 南 | 简装 | 高楼层(共22层) | 板楼,48万7,894元/平
满五有二套无尾款，小高层，1梯2户，厨卫全明必看好房,2室1厅 | 96.71平米 | 南 北 | 精装 | 中楼层(共9层) | 板楼,185万19,130元/平
此房源满五年无大税，精装修次新房，拎包入住必看好房,4室1厅 | 125.93平米 | 南 | 精装 | 27层 | 板塔结合,166万13,182元/平
南北通透，好楼层，视野好，精装修，诚心出售必看好房,2室1厅 | 85.89平米 | 南 北 | 精装 | 11层 | 板塔结合,116万13,506元/平
两室中间楼层随时看房诚意出售欢迎随时来电预购从速必看好房,2室1厅 | 88.59平米 | 南 北 | 精装 | 中楼层(共18层) | 板楼,108万12,191元/平
改善来看 三室两厅 两卫 中间楼层必看好房,3室2厅 | 147.48平米 | 南 北 | 简装 | 中楼层(共6层) | 板楼,145万9,832元/平
高新区融汇精装房 全明两居 中楼层 满五年 随时过户必看好房,2室2厅 | 72.45平米 | 南 北 | 精装 | 高楼层(共25层) | 板塔结合,120.6万16,646元/平
D铁次新房，中高楼层，精装修，未入住，即买即住必看好房,3室2厅 | 113.68平米 | 南 北 | 精装 | 30层 | 板塔结合,155万13,635元/平
精装洋房 一梯两户 通透大两居 采光无遮挡 停车免费必看好房,2室1厅 | 89.96平米 | 南 北 | 精装 | 中楼层(共11层) | 板楼,99万11,005元/平
精装修 好楼层 业主诚心出售 小区环境安静必看好房,1室1厅 | 66.47平米 | 南 北 | 简装 | 高楼层(共18层) | 板楼,51.5万7,748元/平
御溪园 全阳精装 格局方正 诚意出售必看好房,2室1厅 | 90.77平米 | 南 | 精装 | 高楼层(共18层) | 板楼,114万12,560元/平
金地艺墅家 电梯洋房 精装修 楼层好 采光好必看好房,3室2厅 | 90.1平米 | 南 北 | 精装 | 中楼层(共9层) | 板楼,142万15,761元/平
有钥匙 随时看房 价格可谈，H通透，大厨房大餐厅必看好房,2室1厅 | 109.77平米 | 南 北 | 简装 | 中楼层(共6层) | 板楼,96万8,746元/平
中间层 着急卖诚意出 无个税 看房便利 价格可谈配套全必看好房,2室2厅 | 81.45平米 | 南 北 | 其他 | 高楼层(共18层) | 板楼,100万12,278元/平
瀚波园通透全明两室前后临湖精装修必看好房,2室1厅 | 89.14平米 | 南 北 | 精装 | 高楼层(共27层) | 板楼,220万24,681元/平
盛和嘉园 双阳户型 毛坯房 带电梯必看好房,2室1厅 | 70.09平米 | 南 | 毛坯 | 25层 | 板塔结合,59万8,418元/平
金友花园一室 精装修 拎包入住 业主诚心卖必看好房,1室1厅 | 60.93平米 | 东南 | 精装 | 低楼层(共18层) | 板楼,48万7,878元/平
翡翠南苑一期，双阳+1户型，位置好，楼层好，无个税必看好房,3室1厅 | 111.05平米 | 南 北 | 精装 | 27层 | 板楼,167万15,039元/平
小高层 电梯房 满五唯一 价格可谈 非顶楼 诚心卖必看好房,2室1厅 | 84.12平米 | 南 | 精装 | 高楼层(共11层) | 板楼,106万12,602元/平
业主产权清晰 毛坯房 通透户型 没住过人必看好房,2室1厅 | 94.4平米 | 南 北 | 其他 | 低楼层(共24层) | 板楼,135万14,301元/平
盛和嘉园 一室精装修 电梯房 采光充足必看好房,1室1厅 | 66.06平米 | 南 | 精装 | 29层 | 板塔结合,52万7,872元/平
电梯房 近地铁在建8号线 小户型总价低必看好房,1室1厅 | 55.69平米 | 南 | 简装 | 低楼层(共18层) | 板楼,58万10,415元/平
美的旭辉瀚悦府 满两年 采光视野好，价格合适必看好房,2室2厅 | 86.79平米 | 南 北 | 精装 | 26层 | 板塔结合,128万14,749元/平
此房过5年南北通透格局钻石楼层必看好房,2室1厅 | 93.17平米 | 南 北 | 毛坯 | 中楼层(共6层) | 板楼,110万11,807元/平
此房精装修 楼层好 户型通透 采光好 房主诚心出售必看好房,3室1厅 | 99.93平米 | 南 北 | 精装 | 15层 | 板塔结合,142万14,210元/平
一楼 一楼 一楼 位置好 满五唯一 毛坯房必看好房,2室1厅 | 79.39平米 | 东南 | 其他 | 低楼层(共18层) | 板楼,68万8,566元/平
楼下就是湖面，小区门口就是公园，小区内近千平草坪必看好房,3室2厅 | 169.03平米 | 南 北 | 精装 | 高楼层(共30层) | 板楼,354万20,944元/平
洋房，边户，中间位置和楼层，无个税，看房方便必看好房,3室1厅 | 119.51平米 | 南 北 | 精装 | 8层 | 板塔结合,155万12,970元/平
万达旁 3楼 无遮挡 有钥匙 满五唯一必看好房,3室2厅 | 116.3平米 | 南 北 | 其他 | 中楼层(共6层) | 板楼,99万8,513元/平
市内六区私产房 可贷款 中间楼层必看好房,1室1厅 | 43.07平米 | 南 | 简装 | 中楼层(共6层) | 板楼,50万11,610元/平
诚意出售。文瑞家园两室，电梯房，楼层好，视野开阔必看好房,2室1厅 | 50.57平米 | 南 | 其他 | 低楼层(共18层) | 板塔结合,37万7,317元/平
社会山南苑，自住精装好楼层三室，业主诚售，看房随时必看好房,3室2厅 | 93.74平米 | 南 | 精装 | 中楼层(共20层) | 板楼,110万11,735元/平
南站万科边户 H+1精装好楼层 配套齐全必看好房,3室2厅 | 92.82平米 | 南 北 | 精装 | 低楼层(共18层) | 板塔结合,127万13,683元/平
万科洋房 88%出房率 市场价诚心出售 自住保持好必看好房,3室1厅 | 115.28平米 | 南 北 | 其他 | 中楼层(共5层) | 板塔结合,169万14,660元/平
通透三室，下楼地铁，配套齐全，中间楼层必看好房,3室2厅 | 127.38平米 | 南 北 | 精装 | 低楼层(共31层) | 板楼,259万20,333元/平
金隅满堂 电梯洋房一梯两户 毛坯房 有钥匙必看好房,2室1厅 | 91.63平米 | 南 | 其他 | 中楼层(共11层) | 板楼,145万15,825元/平
洋房精装装修，全明户型，边户带小院带地下室必看好房,5室2厅 | 105.39平米 | 南 北 | 其他 | 低楼层(共11层) | 板楼,238万22,583元/平
户型稀有 可遇不可求，阳面临湖观景，视野开阔 无遮挡必看好房,4室2厅 | 274.37平米 | 南 北 | 精装 | 高楼层(共20层) | 板楼,700万25,513元/平
金灿私产过五年跃层三室7号地铁必看好房,3室1厅 | 79.66平米 | 南 北 | 精装 | 低楼层(共18层) | 板楼,93万11,675元/平
此房过两年 带九年物业费 精装修 楼层好 无遮挡必看好房,3室2厅 | 96.21平米 | 南 北 | 精装 | 18层 | 板塔结合,168万17,462元/平
满五唯一，业主诚意出售，自己住装修保持的好必看好房,2室1厅 | 82.01平米 | 南 | 其他 | 低楼层(共24层) | 板楼,95万11,584元/平
业主产权清晰 毛坯房 通透户型 没住过人必看好房,2室1厅 | 94.4平米 | 南 北 | 其他 | 低楼层(共24层) | 板楼,135万14,301元/平
精装修跃层中间楼层，采光好，业主诚心出售随时看房必看好房,2室1厅 | 87.58平米 | 南 北 | 精装 | 中楼层(共18层) | 板楼,75.6万8,633元/平
万科物业环境幽美配套齐全交通便利必看好房,2室1厅 | 73.75平米 | 南 | 简装 | 低楼层(共16层) | 板楼,117.5万15,933元/平
时代豪庭 三室两卫，通透户型，采光很好必看好房,3室1厅 | 134.7平米 | 南 北 | 简装 | 高楼层(共5层) | 板楼,112万8,315元/平
低楼层 南北通透 采光无遮挡 业主诚心出售必看好房,2室2厅 | 85.47平米 | 南 北 | 简装 | 低楼层(共6层) | 板楼,128万14,977元/平
南岸家园！一室南向房源！总价便宜必看好房,1室1厅 | 56.17平米 | 南 | 简装 | 24层 | 板楼,35万6,232元/平
清枫园洋房两室，全明户型 错层设计必看好房,2室2厅 | 90.61平米 | 南 北 | 其他 | 高楼层(共6层) | 板楼,107万11,809元/平
文瑞家园，大一室户型，方正，客厅卧室都是阳面必看好房,2室1厅 | 66.63平米 | 南 北 | 简装 | 中楼层(共30层) | 暂无数据,48.5万7,280元/平
保利尚林苑 边户通透三室 采光好无遮挡必看好房,3室2厅 | 89.56平米 | 南 | 简装 | 中楼层(共18层) | 板楼,128万14,293元/平
此房满五唯一 视野宽阔 前无遮挡 毛坯房 方便装修必看好房,2室1厅 | 91.47平米 | 南 | 毛坯 | 中楼层(共18层) | 板塔结合,70万7,653元/平
新登记，中间楼层，双阳户型，保持好必看好房,2室1厅 | 87.79平米 | 南 | 精装 | 中楼层(共24层) | 板塔结合,168万19,137元/平
金地四期 边户 业主急售 价格可议 看房随时 通地库必看好房,3室1厅 | 122.72平米 | 南 北 | 毛坯 | 7层 | 板楼,199万16,216元/平
梅江富力津门湖通透两居室，楼下地铁，龙湖天街必看好房,2室1厅 | 89.33平米 | 南 北 | 精装 | 中楼层(共31层) | 板楼,173万19,367元/平
精装两室 东西厅 好楼层 采光好 南北通透格局必看好房,2室1厅 | 91.67平米 | 南 北 | 其他 | 中楼层(共24层) | 板楼,85万9,273元/平
高新区金融街融汇 精装三居 全明通透 满五年 无尾款必看好房,3室2厅 | 89.87平米 | 南 北 | 精装 | 低楼层(共11层) | 板塔结合,156万17,359元/平
水溪苑后排中北大道出门地铁8号线 采光好视野好必看好房,2室1厅 | 94.67平米 | 南 | 精装 | 高楼层(共18层) | 板楼,120万12,676元/平
南岸家园！一室南向房源！总价便宜必看好房,1室1厅 | 56.17平米 | 南 | 简装 | 24层 | 板楼,35万6,232元/平
低楼层 南北通透 采光无遮挡 业主诚心出售必看好房,2室2厅 | 85.47平米 | 南 北 | 简装 | 低楼层(共6层) | 板楼,128万14,977元/平
精装修跃层中间楼层，采光好，业主诚心出售随时看房必看好房,2室1厅 | 87.58平米 | 南 北 | 精装 | 中楼层(共18层) | 板楼,75.6万8,633元/平
文瑞家园，大一室户型，方正，客厅卧室都是阳面必看好房,2室1厅 | 66.63平米 | 南 北 | 简装 | 中楼层(共30层) | 暂无数据,48.5万7,280元/平
绿城桂语朝阳 通透边户 采光好 位置好 价格可商量必看好房,3室2厅 | 89.56平米 | 南 北 | 毛坯 | 低楼层(共26层) | 板楼,100万11,166元/平
顺通家园 2楼 楼间距大 采光视野好 看房方便 急售必看好房,1室1厅 | 54.09平米 | 南 | 简装 | 低楼层(共29层) | 板楼,49万9,059元/平
清枫园洋房两室，全明户型 错层设计必看好房,2室2厅 | 90.61平米 | 南 北 | 其他 | 高楼层(共6层) | 板楼,107万11,809元/平
时代豪庭 三室两卫，通透户型，采光很好必看好房,3室1厅 | 134.7平米 | 南 北 | 简装 | 高楼层(共5层) | 板楼,112万8,315元/平
11楼 南北通风 带2个车位 产权清晰随时看房必看好房,2室1厅 | 91.2平米 | 南 北 | 其他 | 中楼层(共24层) | 板楼,105万11,514元/平
梅江康城 三期洋房 户型不错 看房基本随时可以必看好房,3室2厅 | 126.24平米 | 南 | 精装 | 中楼层(共5层) | 板楼,173万13,705元/平
燕宇花园 南開籍 一楼 三室两卫 带车位 满五唯一必看好房,3室2厅 | 131.79平米 | 南 北 | 简装 | 6层 | 板楼,218万16,542元/平
龙顺园精装一室好楼层，宽敞明亮大一室，视野好必看好房,1室1厅 | 55.55平米 | 东北 | 其他 | 高楼层(共26层) | 板楼,37万6,661元/平
万达旁 3楼 无遮挡 有钥匙 满五唯一必看好房,3室2厅 | 116.3平米 | 南 北 | 其他 | 中楼层(共6层) | 板楼,99万8,513元/平
满五唯一，业主诚意出售，自己住装修保持的好必看好房,2室1厅 | 82.01平米 | 南 | 其他 | 低楼层(共24层) | 板楼,95万11,584元/平
扩景三向窗 精装房 近小区门口 大门公园 地暖阁楼必看好房,3室2厅 | 105.17平米 | 南 西 北 | 精装 | 高楼层(共7层) | 板楼,189万17,971元/平
小高层的中高层前无遮挡采光好视野好必看好房,2室1厅 | 81.27平米 | 南 北 | 其他 | 18层 | 板塔结合,75万9,229元/平
华亭丽园，精装修三室，全明通透，央空调地采暖已装必看好房,3室2厅 | 92.26平米 | 南 北 | 精装 | 低楼层(共18层) | 板楼,162万17,560元/平
环境好 阳面户型 全明格局好 采光好必看好房,2室1厅 | 93.75平米 | 南 | 其他 | 低楼层(共24层) | 板楼,122万13,014元/平
必买好房 满五唯一 好楼层 采光好 诚意出售必看好房,3室1厅 | 91.52平米 | 南 | 简装 | 高楼层(共18层) | 板楼,87.8万9,594元/平
好位置 视野开阔，南北通透，采光无遮挡，洋房必看好房,3室2厅 | 96.43平米 | 南 北 | 精装 | 7层 | 板楼,135万14,000元/平
婚房装修拎包入住 位置安静 采光无遮挡 交通便利必看好房,3室2厅 | 97.62平米 | 南 北 | 简装 | 高楼层(共18层) | 板楼,140万14,342元/平
两室低楼层带装修随时看房诚意出售欢迎随时看房必看好房,2室1厅 | 90.96平米 | 南 北 | 其他 | 低楼层(共24层) | 板楼,93万10,225元/平
梅江壹号院 新出三室 前排采光无遮挡 南北向 中楼层必看好房,3室2厅 | 140.63平米 | 南 | 精装 | 15层 | 板塔结合,508万36,124元/平
中间层，不临街，可带刀，税费低，光线好，价可谈必看好房,2室1厅 | 93.46平米 | 南 | 其他 | 中楼层(共31层) | 塔楼,173万18,511元/平
临湖和双梅江公园，门口有菜市场，离地铁近，价格可议必看好房,2室1厅 | 87.31平米 | 南 | 精装 | 低楼层(共30层) | 板楼,175万20,044元/平
诚意出售。文瑞家园两室，电梯房，楼层好，视野开阔必看好房,2室1厅 | 50.57平米 | 南 | 其他 | 低楼层(共18层) | 板塔结合,37万7,317元/平
社会山南苑，自住精装好楼层三室，业主诚售，看房随时必看好房,3室2厅 | 93.74平米 | 南 | 精装 | 中楼层(共20层) | 板楼,110万11,735元/平
户型稀有 可遇不可求，阳面临湖观景，视野开阔 无遮挡必看好房,4室2厅 | 274.37平米 | 南 北 | 精装 | 高楼层(共20层) | 板楼,700万25,513元/平
龙居花园满五唯一业主诚心出售采光好必看好房,3室2厅 | 116.1平米 | 南 北 | 简装 | 高楼层(共6层) | 板楼,79万6,805元/平
格调松间 精装3室 拎包入住 看房方便 随时签约必看好房,3室2厅 | 128.43平米 | 北 南 | 精装 | 中楼层(共18层) | 板楼,295万22,970元/平
市内六区私产房 可贷款 中间楼层必看好房,1室1厅 | 43.07平米 | 南 | 简装 | 中楼层(共6层) | 板楼,50万11,610元/平
观鹭花园改善三居 近地铁临龙湖天街钥匙房看房方便必看好房,3室2厅 | 182.86平米 | 南 | 精装 | 高楼层(共28层) | 板楼,360万19,688元/平
一楼 一楼 一楼 位置好 满五唯一 毛坯房必看好房,2室1厅 | 79.39平米 | 东南 | 其他 | 低楼层(共18层) | 板楼,68万8,566元/平
金隅满堂 电梯洋房一梯两户 毛坯房 有钥匙必看好房,2室1厅 | 91.63平米 | 南 | 其他 | 中楼层(共11层) | 板楼,145万15,825元/平
南站万科边户 H+1精装好楼层 配套齐全必看好房,3室2厅 | 92.82平米 | 南 北 | 精装 | 低楼层(共18层) | 板塔结合,127万13,683元/平
此房过5年南北通透格局钻石楼层必看好房,2室1厅 | 93.17平米 | 南 北 | 毛坯 | 中楼层(共6层) | 板楼,110万11,807元/平
美的旭辉瀚悦府 满两年 采光视野好，价格合适必看好房,2室2厅 | 86.79平米 | 南 北 | 精装 | 26层 | 板塔结合,128万14,749元/平
电梯房 近地铁在建8号线 小户型总价低必看好房,1室1厅 | 55.69平米 | 南 | 简装 | 低楼层(共18层) | 板楼,58万10,415元/平
此房精装修 楼层好 户型通透 采光好 房主诚心出售必看好房,3室1厅 | 99.93平米 | 南 北 | 精装 | 15层 | 板塔结合,142万14,210元/平
中间楼层 三面朝南 南侧无遮挡 业主诚心出售必看好房,3室2厅 | 118.4平米 | 南 | 简装 | 中楼层(共9层) | 板楼,162万13,683元/平
小户型，低总价，高楼层，采光视野无遮挡必看好房,1室1厅 | 40.3平米 | 南 | 简装 | 高楼层(共30层) | 板楼,37万9,182元/平
洋房精装装修，全明户型，边户带小院带地下室必看好房,5室2厅 | 105.39平米 | 南 北 | 其他 | 低楼层(共11层) | 板楼,238万22,583元/平
远洋万和城 三期精装全明 好楼层小三室 有地下车位必看好房,3室1厅 | 94.73平米 | 南 | 精装 | 中楼层(共24层) | 板楼,136万14,357元/平
电梯房 带阳台，采光不错停车方便生活成本低必看好房,1室1厅 | 63.72平米 | 南 | 简装 | 高楼层(共22层) | 板塔结合,52.5万8,240元/平
房源好位置有装修 可以当两套房子用必看好房,2室2厅 | 68.94平米 | 南 北 | 其他 | 高楼层(共5层) | 板楼,87.2万12,649元/平
前排，采光好，精装修，没有住过必看好房,4室2厅 | 208.81平米 | 南 北 | 精装 | 15层 | 板塔结合,760万36,397元/平
满五 唯一 我们店有钥匙 随时能看 带露台必看好房,3室2厅 | 108.44平米 | 南 北 | 简装 | 高楼层(共5层) | 板楼,145万13,372元/平
博园洋房三室，中间楼层带车位，满五唯一省税必看好房,3室2厅 | 89.03平米 | 南 北 | 精装 | 中楼层(共8层) | 板塔结合,126万14,153元/平
万科物业 双地铁7.10号线 满五年 采光好 诚心出售 急必看好房,2室1厅 | 73.96平米 | 南 | 其他 | 中楼层(共26层) | 板塔结合,163万22,039元/平
保利尚林苑 边户通透三室 采光好无遮挡必看好房,3室2厅 | 89.56平米 | 南 | 简装 | 中楼层(共18层) | 板楼,128万14,293元/平
通透三室，下楼地铁，配套齐全，中间楼层必看好房,3室2厅 | 127.38平米 | 南 北 | 精装 | 低楼层(共31层) | 板楼,259万20,333元/平
楼下就是湖面，小区门口就是公园，小区内近千平草坪必看好房,3室2厅 | 169.03平米 | 南 北 | 精装 | 高楼层(共30层) | 板楼,354万20,944元/平
民盛里带大飘窗两室，中间楼层满两年，双卧朝南必看好房,2室2厅 | 95.25平米 | 南 北 | 精装 | 高楼层(共18层) | 板楼,81万8,504元/平
旭水蓝轩 南开H U 中间楼层 过五年无二套必看好房,1室1厅 | 55.87平米 | 南 | 简装 | 中楼层(共6层) | 板楼,65万11,635元/平
大两居 居住舒适 独立餐客厅 5-10双地铁 生活氛围好必看好房,2室2厅 | 104.64平米 | 南 | 简装 | 高楼层(共6层) | 板楼,86万8,219元/平
融侨方圆 一梯一户 全屋定制 精装 全明宽厅 不临街必看好房,3室2厅 | 137.3平米 | 南 北 | 精装 | 低楼层(共7层) | 板塔结合,238万17,335元/平
招商公园 准新房 87平米20万精装修 ，价格可谈必看好房,2室1厅 | 86.98平米 | 南 | 精装 | 21层 | 板塔结合,134万15,406元/平
此房满两年，三阳格局，楼层好，视野宽阔，采光充足必看好房,2室2厅 | 88.93平米 | 南 北 | 精装 | 低楼层(共18层) | 板楼,125万14,056元/平
碧湖园 2室2厅 南 北必看好房,2室2厅 | 94.96平米 | 南 北 | 简装 | 低楼层(共6层) | 板楼,129万13,585元/平
急售好房 户型方正 独立餐厅 随时看必看好房,3室2厅 | 120.88平米 | 南 | 简装 | 低楼层(共11层) | 塔楼,105万8,687元/平
电梯洋房 满五唯一 电梯直达地库 诚心出售必看好房,2室2厅 | 92.11平米 | 南 北 | 简装 | 低楼层(共9层) | 板楼,159万17,262元/平
云锦世家观锦园 三室两卫 满五唯一 精装修必看好房,3室2厅 | 127.17平米 | 南 北 | 精装 | 中楼层(共26层) | 板楼,173万13,604元/平
通透两居室 近地铁 出行方便必看好房,2室1厅 | 90.33平米 | 南 北 | 简装 | 低楼层(共26层) | 板楼,126万13,949元/平
一楼可满两年，采光好，价格可议，有钥匙随时看房必看好房,2室1厅 | 86.67平米 | 南 北 | 其他 | 低楼层(共6层) | 板楼,73万8,423元/平
梅江壹号院 刚交房 楼层好 采光无影响 户型方正必看好房,4室2厅 | 206.55平米 | 南 | 精装 | 24层 | 板塔结合,738万35,730元/平
万科物业 南北通透 采光好 新登记必看好房,2室2厅 | 93.65平米 | 南 北 | 简装 | 高楼层(共6层) | 板塔结合,110万11,746元/平
小高层高区产品，观湖风景，毛坯房，随时看房必看好房,3室2厅 | 103.09平米 | 南 北 | 毛坯 | 高楼层(共16层) | 板楼,258万25,027元/平
金地二期精装修三居室，随时可看，随时签约必看好房,3室1厅 | 95.16平米 | 南 北 | 精装 | 11层 | 板楼,155万16,289元/平
凤凰层，全天采光，全明两居室，业主诚意卖必看好房,2室1厅 | 90.6平米 | 南 北 | 精装 | 高楼层(共6层) | 板楼,114万12,583元/平
满五唯一 房主诚心出售 精装修跃层 全天采光 看房方便必看好房,2室1厅 | 81.72平米 | 南 | 其他 | 高楼层(共18层) | 板楼,69.8万8,542元/平
君悦花苑，中间楼层，边户，精装修，业主诚心卖必看好房,2室1厅 | 95.4平米 | 南 北 | 精装 | 11层 | 板楼,112万11,741元/平
萍姐推荐经典L飘窗瞰景高层，没租过诚心卖，随时看房必看好房,2室2厅 | 93.19平米 | 南 | 简装 | 高楼层(共18层) | 板塔结合,78万8,370元/平
龙湖天街，双地铁，万科物业，精装修两室必看好房,2室1厅 | 64.52平米 | 东南 | 精装 | 高楼层(共34层) | 板塔结合,134万20,769元/平
金地二期H+1户型 不临街不把边 带车位急售必看好房,3室2厅 | 123.97平米 | 南 北 | 精装 | 11层 | 板楼,227万18,311元/平
四室临湖 直观梅江公园 老梅江顶跃房 二片梧桐必看好房,4室2厅 | 273.2平米 | 南 北 | 毛坯 | 高楼层(共27层) | 板楼,700万25,623元/平
店长力推 燕南园洋房 楼层好 位置好 精装修拎包入住必看好房,3室2厅 | 94.63平米 | 南 北 | 精装 | 高楼层(共11层) | 板楼,129万13,633元/平
天津南站 精装上叠边户带电梯 改善好选择必看好房,3室1厅 | 129.05平米 | 南 北 | 精装 | 中楼层(共4层) | 板塔结合,232万17,978元/平
国风星苑一期 自住精装两室 小区中间位置 有车位必看好房,2室2厅 | 84.57平米 | 南 北 | 精装 | 高楼层(共6层) | 板楼,130万15,372元/平
小高层 一梯两户 h户型 过五年 产权清晰必看好房,2室1厅 | 83.59平米 | 南 北 | 精装 | 11层 | 板塔结合,83万9,930元/平
急售可随时过户 实用面积大 带车位 近小区口出入方便必看好房,3室2厅 | 183.57平米 | 南 北 | 其他 | 高楼层(共4层) | 板楼,298万16,234元/平
保利拾光年 三室 30万的全屋智能定制精致装修 满两年必看好房,3室2厅 | 86.74平米 | 南 北 | 精装 | 16层 | 板楼,142万16,371元/平
环内洋房 阳面一居室价格低私产能贷款必看好房,1室1厅 | 35.25平米 | 南 | 简装 | 中楼层(共6层) | 板楼,38.2万10,837元/平
楼。王。纯次新房，交房到现在没住过人。随时看房必看好房,3室2厅 | 110.3平米 | 南 北 | 精装 | 26层 | 板塔结合,165万14,960元/平
河西天塔 双地铁 中间楼层 户型好 采光好必看好房,2室1厅 | 83.66平米 | 南 北 | 精装 | 中楼层(共6层) | 板楼,155万18,528元/平
水溪苑 洋房通透两室 中间层 业主急售,2室1厅 | 90.6平米 | 南 北 | 简装 | 中楼层(共6层) | 板楼,118万13,025元/平
满五唯一 有电梯 视野宽阔 采光充足 交通便利必看好房,2室1厅 | 84.89平米 | 南 | 精装 | 高楼层(共11层) | 板塔结合,109万12,841元/平
华亭丽园 精装修 采光无遮挡 看房方便必看好房,1室1厅 | 63.02平米 | 南 北 | 精装 | 高楼层(共5层) | 板楼,70万11,108元/平
万科假日风景宽厅洋房三室 中间楼层 无遮挡必看好房,3室2厅 | 120.57平米 | 南 北 | 毛坯 | 中楼层(共6层) | 板塔结合,158万13,105元/平
满五唯一，大四居，边户全明户型，中间位置必看好房,4室2厅 | 112.06平米 | 南 北 | 简装 | 低楼层(共8层) | 板楼,158万14,100元/平
此房满五年 业主诚心出售 中间好楼层 采光充足必看好房,3室1厅 | 91.96平米 | 南 | 精装 | 中楼层(共24层) | 板楼,121万13,158元/平
没个税 不临街 30W精装修 带车位 南北通透 着急卖必看好房,3室1厅 | 92.8平米 | 南 北 | 精装 | 中楼层(共16层) | 板楼,145万15,625元/平
小高层 全明户型 精装3室 全天采光 拎包入住 急售好房必看好房,3室2厅 | 144.39平米 | 南 北 | 精装 | 高楼层(共18层) | 板楼,340万23,548元/平
康园大产权 价格合适 看房方便必看好房,1室1厅 | 52.8平米 | 东 南 北 | 简装 | 低楼层(共24层) | 板塔结合,35万6,629元/平
精装修南北通透三室诚意卖价格可仪必看好房,3室1厅 | 90.91平米 | 南 北 | 精装 | 低楼层(共18层) | 板楼,148万16,280元/平
燕南园洋房精装修，业主自住 过五年带车位 诚心卖必看好房,3室1厅 | 94.53平米 | 南 北 | 简装 | 低楼层(共11层) | 板楼,110万11,637元/平
萍姐推荐经典好房，满两年首业主，采光亮堂，看房方便必看好房,2室1厅 | 89.61平米 | 南 | 精装 | 低楼层(共11层) | 板楼,70万7,812元/平
大户型顶层带阁楼，好位置满五唯一，看房方便诚心出售必看好房,3室1厅 | 156.59平米 | 南 北 | 毛坯 | 6层 | 板楼,175万11,176元/平
边户电梯房 H+1户型 南北通透 12年的房龄 小区环境好必看好房,2室1厅 | 96.87平米 | 北 南 | 简装 | 低楼层(共23层) | 板楼,145万14,969元/平
人和院 全阳一室 中间楼层 采光好 业主诚心出售必看好房,1室1厅 | 62.26平米 | 南 | 简装 | 中楼层(共11层) | 板楼,72万11,565元/平
清枫园 两室一楼带院 精装修 有钥匙 随时看房必看好房,2室2厅 | 87.86平米 | 南 北 | 精装 | 低楼层(共6层) | 板楼,170万19,349元/平
碧轩园低楼层 H户型 位置好 满五唯一必看好房,2室1厅 | 107.86平米 | 南 北 | 简装 | 低楼层(共6层) | 板楼,191万17,709元/平
好楼层好楼栋，业主诚心卖，价格可以谈必看好房,2室2厅 | 86.79平米 | 南 北 | 精装 | 26层 | 板塔结合,131万15,094元/平
翡翠嘉和 四期好楼层 一天为住必看好房,3室2厅 | 117.84平米 | 南 | 精装 | 7层 | 板楼,255万21,640元/平
满两年，品牌精装修 。南北通透 好楼层必看好房,3室2厅 | 94.48平米 | 南 北 | 精装 | 9层 | 板楼,158万16,724元/平
带大院，带大地下室，全屋精装新风系统，边户必看好房,3室2厅 | 101.27平米 | 南 北 | 精装 | 低楼层(共8层) | 板楼,230万22,712元/平
中北镇华亭国际 南北通透 电梯洋房 全明户型 看房方便必看好房,2室1厅 | 87.81平米 | 南 北 | 精装 | 高楼层(共11层) | 板塔结合,117万13,325元/平
运河水畔花园 楼层好 精装修一天没住 四期 价格可谈必看好房,3室2厅 | 118.58平米 | 南 | 精装 | 11层 | 暂无数据,269万22,686元/平
大户型改善，落地窗采光好，前方无遮挡，视野宽阔必看好房,3室2厅 | 142.44平米 | 南 北 | 精装 | 中楼层(共8层) | 板楼,180万12,637元/平
大面积两居室，通透户型，央企开发，万科物业，精装修必看好房,2室1厅 | 100.01平米 | 南 北 | 精装 | 17层 | 板塔结合,116万11,599元/平
枫香园双阳两室刚需之选楼位楼层都不错必看好房,2室1厅 | 87.74平米 | 南 | 简装 | 中楼层(共27层) | 板楼,96万10,942元/平
仅有一栋楼有的小高电梯南北通透大两居必看好房,2室1厅 | 107.78平米 | 南 北 | 简装 | 中楼层(共10层) | 板楼,148万13,732元/平
云锦四期 一楼带院带1：1地下室 边户 带车位必看好房,3室2厅 | 122.22平米 | 南 北 | 其他 | 低楼层(共7层) | 板楼,320万26,183元/平
闹中取静，享安逸生活，隐藏在闹市中的桃园必看好房,2室1厅 | 88.75平米 | 南 北 | 精装 | 中楼层(共6层) | 板楼,111万12,508元/平
此房为洋房户型格局好，停车方便，楼间距大，采光好必看好房,2室1厅 | 88.79平米 | 南 北 | 简装 | 中楼层(共5层) | 板楼,135万15,205元/平
此房楼层好，采光好，户型好，税费低必看好房,2室1厅 | 76.93平米 | 南 北 | 精装 | 中楼层(共18层) | 板楼,110万14,299元/平
挨着大学城，企业产，小户型，好出租，价格可议必看好房,1室1厅 | 28.35平米 | 北 | 简装 | 高楼层(共4层) | 板楼,25万8,819元/平
小区环境优美，通行方便，业主诚心出售必看好房,2室2厅 | 88.23平米 | 南 | 精装 | 中楼层(共26层) | 板楼,167万18,928元/平
边户大两居，好楼层，采光视野好，随时能签必看好房,2室1厅 | 95.15平米 | 南 | 简装 | 低楼层(共18层) | 板楼,77.5万8,146元/平
枫香园双阳两室刚需之选楼位楼层都不错必看好房,2室1厅 | 87.74平米 | 南 | 简装 | 中楼层(共27层) | 板楼,96万10,942元/平
云锦四期 一楼带院带1：1地下室 边户 带车位必看好房,3室2厅 | 122.22平米 | 南 北 | 其他 | 低楼层(共7层) | 板楼,320万26,183元/平
闹中取静，享安逸生活，隐藏在闹市中的桃园必看好房,2室1厅 | 88.75平米 | 南 北 | 精装 | 中楼层(共6层) | 板楼,111万12,508元/平
仅有一栋楼有的小高电梯南北通透大两居必看好房,2室1厅 | 107.78平米 | 南 北 | 简装 | 中楼层(共10层) | 板楼,148万13,732元/平
此房为洋房户型格局好，停车方便，楼间距大，采光好必看好房,2室1厅 | 88.79平米 | 南 北 | 简装 | 中楼层(共5层) | 板楼,135万15,205元/平
人和院 全阳一室 中间楼层 采光好 业主诚心出售必看好房,1室1厅 | 62.26平米 | 南 | 简装 | 中楼层(共11层) | 板楼,72万11,565元/平
清枫园 两室一楼带院 精装修 有钥匙 随时看房必看好房,2室2厅 | 87.86平米 | 南 北 | 精装 | 低楼层(共6层) | 板楼,170万19,349元/平
店长推荐 恋海园 户型通透 中间层 地铁6号线 融创物业必看好房,3室2厅 | 178.4平米 | 南 西 | 精装 | 高楼层(共24层) | 板楼,420万23,543元/平
此房满两年，新房小区，环境宜人，配套齐全必看好房,3室2厅 | 100.67平米 | 南 北 | 精装 | 高楼层(共15层) | 板楼,150万14,901元/平
满两年 方正一室 总价低 诚心出售必看好房,1室1厅 | 65.92平米 | 南 北 | 精装 | 中楼层(共18层) | 板楼,46万6,979元/平
近小区门口 视野开阔 采光充足 户型方正 中间楼层必看好房,2室1厅 | 84.09平米 | 西 南 | 精装 | 25层 | 板塔结合,74万8,801元/平
一楼可满两年，采光好，价格可议，有钥匙随时看房必看好房,2室1厅 | 86.67平米 | 南 北 | 其他 | 低楼层(共6层) | 板楼,73万8,423元/平
景园里 双阳三室 二楼 出行便利 配套设施齐全业主急售必看好房,3室1厅 | 95.84平米 | 南 北 | 简装 | 低楼层(共6层) | 板楼,129万13,460元/平
新上前排富力湾双阳户型 楼层好 视野好 诚心卖 急售必看好房,2室2厅 | 89.26平米 | 南 | 精装 | 低楼层(共26层) | 板塔结合,130万14,565元/平
云舒花园 通透大三室 中高层 无遮挡 诚意出售有必看好房,3室1厅 | 152.13平米 | 南 北 | 精装 | 中楼层(共24层) | 板塔结合,310万20,378元/平
业主急售，一梯两户南北通透，9层小高的2楼必看好房,2室1厅 | 92.14平米 | 南 西 北 | 简装 | 低楼层(共9层) | 板楼,148万16,063元/平
保利尚林苑 3室2厅 南 北必看好房,3室2厅 | 105.41平米 | 南 北 | 精装 | 中楼层(共11层) | 板楼,165万15,654元/平
溪秀苑 前排 双阳两室 出门地铁八号线在建必看好房,2室1厅 | 89.74平米 | 北 南 西 | 简装 | 中楼层(共6层) | 板楼,98万10,921元/平
金地二期精装修三居室，随时可看，随时签约必看好房,3室1厅 | 95.16平米 | 南 北 | 精装 | 11层 | 板楼,155万16,289元/平
君悦捡陋两室自住装修看房方便业主诚心出售好楼层必看好房,2室1厅 | 95.1平米 | 南 北 | 精装 | 11层 | 板楼,106万11,147元/平
小高层高区产品，观湖风景，毛坯房，随时看房必看好房,3室2厅 | 103.09平米 | 南 北 | 毛坯 | 高楼层(共16层) | 板楼,258万25,027元/平
通透两居室 近地铁 出行方便必看好房,2室1厅 | 90.33平米 | 南 北 | 简装 | 低楼层(共26层) | 板楼,126万13,949元/平
万科物业 南北通透 采光好 新登记必看好房,2室2厅 | 93.65平米 | 南 北 | 简装 | 高楼层(共6层) | 板塔结合,110万11,746元/平
中北镇2号线曹庄地铁站旁 精装大一居室必看好房,1室1厅 | 72.27平米 | 南 | 精装 | 中楼层(共24层) | 板楼,68万9,410元/平
盛和嘉园次顶层两室有钥匙随时可以看必看好房,2室1厅 | 83.98平米 | 东南 | 简装 | 29层 | 板塔结合,68万8,098元/平
万科物业 小区环境好 自带精装 户型方正 价格可以商量必看好房,2室1厅 | 79.92平米 | 南 | 精装 | 高楼层(共29层) | 板塔结合,114万14,265元/平
万科物业 小区环境好 自带精装 户型方正 价格可以商量必看好房,2室1厅 | 79.92平米 | 南 | 精装 | 高楼层(共29层) | 板塔结合,114万14,265元/平
一楼可满两年，采光好，价格可议，有钥匙随时看房必看好房,2室1厅 | 86.67平米 | 南 北 | 其他 | 低楼层(共6层) | 板楼,73万8,423元/平
店长推荐 恋海园 户型通透 中间层 地铁6号线 融创物业必看好房,3室2厅 | 178.4平米 | 南 西 | 精装 | 高楼层(共24层) | 板楼,420万23,543元/平
云舒花园 通透大三室 中高层 无遮挡 诚意出售有必看好房,3室1厅 | 152.13平米 | 南 北 | 精装 | 中楼层(共24层) | 板塔结合,310万20,378元/平
近小区门口 视野开阔 采光充足 户型方正 中间楼层必看好房,2室1厅 | 84.09平米 | 西 南 | 精装 | 25层 | 板塔结合,74万8,801元/平
梅江南低密度洋房玻璃幕墙高品质必看好房,2室2厅 | 84.73平米 | 南 | 精装 | 中楼层(共11层) | 板楼,180万21,244元/平
文瑞家园，阳面一室，小户型总价低必看好房,1室1厅 | 39.17平米 | 南 | 简装 | 中楼层(共30层) | 暂无数据,28.5万7,276元/平
君悦捡陋两室自住装修看房方便业主诚心出售好楼层必看好房,2室1厅 | 95.1平米 | 南 北 | 精装 | 11层 | 板楼,106万11,147元/平
溪秀苑 前排 双阳两室 出门地铁八号线在建必看好房,2室1厅 | 89.74平米 | 北 南 西 | 简装 | 中楼层(共6层) | 板楼,98万10,921元/平
景园里 双阳三室 二楼 出行便利 配套设施齐全业主急售必看好房,3室1厅 | 95.84平米 | 南 北 | 简装 | 低楼层(共6层) | 板楼,129万13,460元/平
正荣润璟湾通透两室 业主诚心出售 装修好 可直接入住必看好房,2室2厅 | 85.72平米 | 南 北 | 精装 | 高楼层(共26层) | 板楼,124万14,466元/平
保利罗兰 非顶层 满五年 精装三居 保持的好 随时可看必看好房,3室2厅 | 103.73平米 | 南 | 精装 | 高楼层(共7层) | 板楼,165万15,907元/平
盛和嘉园 东南朝向 采光棒 视野佳必看好房,2室1厅 | 83.82平米 | 东南 | 精装 | 29层 | 板塔结合,71万8,471元/平
盛和嘉园次顶层两室有钥匙随时可以看必看好房,2室1厅 | 83.98平米 | 东南 | 简装 | 29层 | 板塔结合,68万8,098元/平
业主急售，一梯两户南北通透，9层小高的2楼必看好房,2室1厅 | 92.14平米 | 南 西 北 | 简装 | 低楼层(共9层) | 板楼,148万16,063元/平
保利尚林苑 3室2厅 南 北必看好房,3室2厅 | 105.41平米 | 南 北 | 精装 | 中楼层(共11层) | 板楼,165万15,654元/平
满两年 方正一室 总价低 诚心出售必看好房,1室1厅 | 65.92平米 | 南 北 | 精装 | 中楼层(共18层) | 板楼,46万6,979元/平
精装修小两室诚心卖价格好谈看房方便必看好房,2室1厅 | 78.91平米 | 南 北 | 精装 | 低楼层(共17层) | 板楼,158万20,023元/平
新上前排富力湾双阳户型 楼层好 视野好 诚心卖 急售必看好房,2室2厅 | 89.26平米 | 南 | 精装 | 低楼层(共26层) | 板塔结合,130万14,565元/平
此房满两年，新房小区，环境宜人，配套齐全必看好房,3室2厅 | 100.67平米 | 南 北 | 精装 | 高楼层(共15层) | 板楼,150万14,901元/平
近南站 近步行街 低价好房 3楼边户必看好房,2室1厅 | 86.28平米 | 南 北 | 其他 | 中楼层(共6层) | 板楼,69.9万8,102元/平
东边户 通透户型 居住舒适 看房方便必看好房,2室1厅 | 97.82平米 | 南 | 精装 | 低楼层(共17层) | 暂无数据,68万6,952元/平
央企次新房三居室，50万精装修必看好房,3室2厅 | 118.09平米 | 南 北 | 精装 | 26层 | 板塔结合,189.5万16,048元/平
保利和光尘樾，带装修，好楼层，采光好，省个税必看好房,2室1厅 | 76.93平米 | 南 北 | 简装 | 高楼层(共18层) | 板楼,110万14,299元/平
万科边户采光充足，位置优越，配套齐全必看好房,3室1厅 | 90.53平米 | 南 北 | 精装 | 中楼层(共8层) | 板塔结合,125万13,808元/平
一楼院 方便停车 南北通透 距离地铁8号线近必看好房,1室1厅 | 71.48平米 | 南 北 | 精装 | 低楼层(共5层) | 板楼,99万13,851元/平
万科改善小三室 标准南北通透 诚意出售 价格可聊必看好房,3室2厅 | 93.62平米 | 南 北 | 毛坯 | 中楼层(共11层) | 板楼,148万15,809元/平
精武镇 大学城板块 满2年 看房方便 业主诚售必看好房,3室2厅 | 112.35平米 | 南 北 | 精装 | 中楼层(共7层) | 板楼,164万14,598元/平
房子满两年 总价低 位置好 出行方便必看好房,1室1厅 | 66.77平米 | 南 北 | 精装 | 18层 | 板楼,55万8,238元/平
好楼层位置好可做驿站老人居住采光好位置好必看好房,1室1厅 | 66.53平米 | 南 | 精装 | 低楼层(共18层) | 塔楼,47.5万7,140元/平
雅园高层边户，满五唯一，诚心出售必看好房,3室1厅 | 91.89平米 | 南 北 | 精装 | 高楼层(共18层) | 板塔结合,129万14,039元/平
精装三室，房主诚心卖，价位可以聊，满五年有二套,3室2厅 | 154.04平米 | 南 北 | 其他 | 32层 | 板塔结合,390万25,319元/平
兴旺里 中户两室 位置好 诚心出售,2室1厅 | 61.8平米 | 南 | 简装 | 低楼层(共4层) | 板楼,52万8,415元/平
金盛园 低楼层改善三室 简装房装修方便 采光好有钥匙,3室2厅 | 112.6平米 | 南 | 其他 | 中楼层(共5层) | 板楼,178万15,809元/平
青吉里 ，一楼户型方正，配套全,2室1厅 | 77.96平米 | 南 北 | 简装 | 低楼层(共6层) | 板楼,94万12,058元/平
凯信佳园一室 户型方正 出行便利 配套设施齐全急售,1室1厅 | 70.07平米 | 南 北 | 其他 | 中楼层(共6层) | 板楼,119万16,984元/平
保利开发 宽厅两室 业主诚心出售 价格可小议,2室1厅 | 80.64平米 | 南 | 简装 | 高楼层(共18层) | 板楼,150万18,602元/平
万科四季文园 3室2厅 南,3室2厅 | 89.77平米 | 南 | 精装 | 中楼层(共8层) | 板塔结合,160万17,824元/平
瑞泰里边户,精装修位置好,楼层好,南北通透,停车免费,2室1厅 | 89.79平米 | 南 北 | 精装 | 低楼层(共6层) | 板楼,133万14,813元/平
大学城旁，精装两居，小区好位置，视野开阔，可小刀,2室2厅 | 90.11平米 | 南 | 其他 | 中楼层(共21层) | 板楼,75万8,324元/平
次顶层 自住装修 满五唯一,3室1厅 | 91.53平米 | 南 | 其他 | 高楼层(共17层) | 板楼,117万12,783元/平
青馨园，采光好，户型方正，看房联系,2室1厅 | 100.13平米 | 南 北 | 其他 | 高楼层(共6层) | 板楼,105万10,487元/平
小区环境优美 配套齐全 动静分离 布局合理 看房方便,3室1厅 | 102.37平米 | 南 北 | 其他 | 15层 | 板塔结合,153万14,946元/平
青馨园，采光好，一室独单户型方正，看房联系,1室1厅 | 61.56平米 | 南 北 | 其他 | 高楼层(共6层) | 板楼,75万12,184元/平
视野开阔采光充足户型方正配套齐全出行方便适合居住,1室1厅 | 32平米 | 南 | 其他 | 高楼层(共6层) | 板楼,39万12,188元/平
青馨园，采光好，户型方正，看房联系,2室2厅 | 90.83平米 | 南 北 | 简装 | 高楼层(共6层) | 板楼,90万9,909元/平
好楼位西边户精装修三室改善优先拎包入住带家具家电,3室2厅 | 95.74平米 | 南 北 | 精装 | 低楼层(共7层) | 暂无数据,185万19,324元/平
保利和光尘樾，满二，南北通透户型，楼层好，看房随时,2室1厅 | 76.93平米 | 北 南 | 其他 | 低楼层(共18层) | 板楼,124万16,119元/平
李七庄 次新小区 金地三室带阳台洋房 业主诚心出售,3室1厅 | 97.46平米 | 南 北 | 其他 | 中楼层(共7层) | 板楼,165万16,931元/平
诚心出售，价格可议采光无遮挡随时看房,2室1厅 | 71.01平米 | 南 | 精装 | 高楼层(共24层) | 塔楼,58.5万8,239元/平
南向无遮挡 视野开阔 生活配套齐全 看房提前预约,3室2厅 | 79.22平米 | 南 北 | 精装 | 低楼层(共28层) | 板楼,195万24,615元/平
此房满五年唯一 带阁楼 全明户型楼层好视野宽采光好,3室2厅 | 86.04平米 | 南 北 | 精装 | 8层 | 板塔结合,125万14,529元/平
林溪园通透2居室 中高楼层 采光好 随时看房 诚心出售,1室1厅 | 63.71平米 | 南 | 其他 | 高楼层(共6层) | 板楼,105万16,481元/平
青馨园采光好 户型好 价格可议 诚信出售,2室1厅 | 94.69平米 | 南 北 | 其他 | 高楼层(共6层) | 板楼,95万10,033元/平
津门湖观景两居室，精装，低楼层,2室1厅 | 89.33平米 | 南 北 | 其他 | 低楼层(共31层) | 板楼,190万21,270元/平
亲和美园两室一厅电梯房中间楼层南北朝向采光好,2室1厅 | 73.08平米 | 南 | 毛坯 | 中楼层(共24层) | 板塔结合,59万8,074元/平
青吉里通透两居室 配套齐全 洋房四楼,2室1厅 | 84.07平米 | 南 | 其他 | 中楼层(共6层) | 板楼,68万8,089元/平
高楼层 视野好 商圈热门小区房源 业主诚心出售,3室1厅 | 91.53平米 | 南 北 | 精装 | 高楼层(共17层) | 板楼,120万13,111元/平
南北通透2室 户型方正，业主诚心卖,2室1厅 | 76.93平米 | 南 北 | 其他 | 低楼层(共18层) | 板楼,125万16,249元/平
美的旭辉瀚悦府洋房满两年7楼顶层采光视野好,3室1厅 | 142.2平米 | 南 | 毛坯 | 7层 | 板塔结合,282万19,832元/平
佳和雅庭中间楼层，精装修 66平 诚心出售,2室1厅 | 65.92平米 | 东 南 北 | 精装 | 中楼层(共24层) | 板楼,60万9,102元/平
南站精装好房急售！！！ 配套齐全生活便利,2室2厅 | 92.73平米 | 南 北 | 简装 | 低楼层(共17层) | 板楼,139万14,990元/平
精装修，H两居加储藏间，南北通透带阳台，诚心卖,2室1厅 | 90.89平米 | 南 北 | 精装 | 高楼层(共17层) | 板楼,119.5万13,148元/平
距离天津南站800米左右的公园社区 五大静音体系住宅,2室2厅 | 86.98平米 | 南 北 | 其他 | 21层 | 板塔结合,155万17,821元/平
贝壳金选 中北镇万科翡翠嘉和 一楼带院 精装三室,3室1厅 | 114.3平米 | 南 北 | 精装 | 11层 | 板楼,410万35,871元/平
洋房，次顶层，户型方正没有浪费面积，边户，三室双卫,3室2厅 | 117.58平米 | 南 | 毛坯 | 7层 | 板塔结合,238万20,242元/平
店长推荐 精装修 全屋环保好材料 实用面积1.35倍,4室2厅 | 152.22平米 | 南 北 | 精装 | 中楼层(共4层) | 板楼,380万24,964元/平
精装修，明厨明卫，采光好，看房方便，阳面客厅房主自荐,2室1厅 | 87.2平米 | 南 北 | 其他 | 低楼层(共17层) | 板楼,109.5万12,558元/平
雅庭电梯房 满五唯一 精装 无抵押 诚心出售,2室1厅 | 71.01平米 | 南 | 其他 | 高楼层(共24层) | 塔楼,56万7,887元/平
满五年，一手业主，电梯大两室H通透房,2室1厅 | 103.13平米 | 南 北 | 简装 | 低楼层(共10层) | 板楼,189万18,327元/平
水岸华庭精装修带阁楼 价格好商量,1室1厅 | 54.96平米 | 南 北 | 精装 | 高楼层(共6层) | 板楼,73万13,283元/平
中交悦公馆 通透大三室 过两年 泰达物业 看房方便,3室1厅 | 125平米 | 南 北 | 毛坯 | 11层 | 板塔结合,220万17,600元/平
中交樾公馆，带阁楼，全明户型，采光好，看房方便,2室1厅 | 82.95平米 | 南 北 | 毛坯 | 15层 | 板塔结合,175万21,098元/平
出售亲和美园一楼一楼精装自住保养好,2室1厅 | 73.01平米 | 南 | 精装 | 低楼层(共24层) | 板塔结合,78万10,684元/平
【店长推荐】南开户口、低楼层精装修三居室、楼间距大,3室1厅 | 93.38平米 | 南 北 | 精装 | 低楼层(共6层) | 板楼,220万23,560元/平
青馨园 采光好 户型方正 看房联系，大包出,2室1厅 | 92.76平米 | 南 北 东 | 其他 | 中楼层(共6层) | 板楼,130万14,015元/平
青馨园 南北通透 1楼 落地窗，价格可议,2室1厅 | 92.54平米 | 南 北 | 其他 | 低楼层(共6层) | 板楼,139万15,021元/平
南开籍 低楼层出行方便 看房随时,2室1厅 | 76.17平米 | 南 北 | 其他 | 低楼层(共6层) | 板楼,137万17,987元/平
空中别墅,4跃5跃6,有露台,有阁楼,有钢琴室,有工作室,4室4厅 | 204.67平米 | 南 北 | 其他 | 高楼层(共4层) | 板楼,380万18,567元/平
业主急售,全明户型 采光好 小区位置佳,2室1厅 | 91.53平米 | 南 北 | 简装 | 高楼层(共17层) | 板楼,101万11,035元/平
洋房带露台 近8号线 诚心出售 价格可议,2室2厅 | 73.13平米 | 南 | 精装 | 高楼层(共6层) | 板楼,98万13,401元/平
此房满5唯一，俩室带独立餐厅，户型通透，明厨明卫,2室2厅 | 92.86平米 | 南 | 其他 | 低楼层(共6层) | 板楼,160万17,231元/平
万科翡翠紫台精装三室洋房 诚意卖 看房方便 有车位,3室2厅 | 126.27平米 | 南 北 | 精装 | 中楼层(共11层) | 板楼,330万26,135元/平
南苑洋房，通透格局，楼层好，视野宽阔，采光充足,3室1厅 | 93.36平米 | 南 | 其他 | 中楼层(共7层) | 塔楼,185万19,816元/平
精装修，通透户型，交通便利，楼层采光好，诚心出售房主自荐,2室1厅 | 90.67平米 | 南 北 | 其他 | 中楼层(共18层) | 板楼,136万15,000元/平
外环旁，次新小区，绿城物业，中间楼层,3室2厅 | 104.48平米 | 南 北 | 其他 | 中楼层(共11层) | 板楼,200万19,143元/平
精装修，位置好，价格便宜，欢迎看房,1室1厅 | 63.72平米 | 南 | 精装 | 低楼层(共22层) | 板塔结合,68万10,672元/平
金地三期 好楼层好位置 不临街 业主急售,2室1厅 | 81.46平米 | 南 | 精装 | 18层 | 板楼,115万14,118元/平
建姜西里 阳面一室 环内低楼层，邻在建D铁8号线500米,1室1厅 | 43.95平米 | 南 | 精装 | 低楼层(共6层) | 板楼,82万18,658元/平
景园里 1室1厅 东 西,1室1厅 | 48.77平米 | 东 西 | 其他 | 中楼层(共6层) | 板楼,72万14,764元/平
旭辉精装修两室，中间层，满五年，业主诚心卖,2室1厅 | 83.27平米 | 南 | 简装 | 中楼层(共27层) | 板楼,115万13,811元/平
运河水畔花园洋房 楼层佳 采光好 精装修 有地下车位,3室2厅 | 124.44平米 | 南 北 | 其他 | 11层 | 板楼,315万25,314元/平
此房为温馨大两居室，带电梯，采光明亮，业主诚意卖,2室1厅 | 93.96平米 | 南 北 | 简装 | 18层 | 板楼,84.5万8,994元/平
业主诚心出售，电梯房，南北通透，视野好，前排无遮挡,2室1厅 | 93.6平米 | 南 北 | 其他 | 高楼层(共11层) | 板楼,135万14,424元/平
聚贤里三室两厅两卫 地下室 家具家电 全有,3室1厅 | 144.7平米 | 南 北 | 精装 | 中楼层(共5层) | 板楼,239万16,517元/平
君悦花苑洋房 位置好 三室两卫H户型 配套成熟,3室2厅 | 136.94平米 | 南 北 | 其他 | 低楼层(共6层) | 板楼,258万18,841元/平
店长力推 燕南园三室 位置好 业主诚心出售,3室1厅 | 95.38平米 | 南 北 | 简装 | 低楼层(共18层) | 板楼,145万15,203元/平
旭辉三期精装修洋房一梯两户好楼层满五唯一地下大车位,3室2厅 | 93平米 | 南 北 | 其他 | 中楼层(共11层) | 板楼,150万16,130元/平
水西边户别墅 房本355㎡ 院2百多 双车库有地下室阁楼房主自荐,6室3厅 | 354.53平米 | 南 北 西 | 简装 | 3层 | 板楼 | 联排别墅,965万27,220元/平
澜湾花园 洋房3居室 带地下车位 看房方便,3室2厅 | 129.06平米 | 北 南 | 其他 | 中楼层(共6层) | 板楼,252万19,526元/平
房子采光视野无遮挡，通地库，有钥匙随时可以看房,3室2厅 | 116.19平米 | 北 南 | 毛坯 | 高楼层(共7层) | 板楼,218.8万18,832元/平
洋房两室，标准H户型，通风效果好，采光好,2室1厅 | 93.52平米 | 南 北 | 简装 | 中楼层(共6层) | 板楼,108万11,549元/平
中北镇 带阁楼 精装修 停车位充足 南向 无遮挡,2室1厅 | 76.91平米 | 南 | 其他 | 高楼层(共18层) | 板楼,125万16,253元/平
万科小高层，中间楼层，满五唯一，位置好,2室1厅 | 73.75平米 | 南 | 其他 | 高楼层(共16层) | 板楼,155万21,017元/平
满五年， 格局规则，中间位置 小区环境安静优美。,3室2厅 | 138.09平米 | 南 北 | 精装 | 高楼层(共5层) | 板楼,225万16,294元/平
南北户型，边户，高品质小区。半人车分流。自持物业,3室2厅 | 88.91平米 | 南 | 简装 | 低楼层(共11层) | 板楼,110万12,373元/平
深宅大院，门外尽享繁华，门内世外桃源 精装修,5室3厅 | 222.18平米 | 南 北 | 其他 | 中楼层(共4层) | 板楼,650万29,256元/平
满五中间楼层业主自住，能看湖，楼层很好，采光也好,2室1厅 | 89.76平米 | 南 | 其他 | 32层 | 板塔结合,238万26,516元/平
大寺新家园刚需小两室。价格合适，看房随时，有钥匙,2室1厅 | 65.9平米 | 南 | 毛坯 | 高楼层(共28层) | 塔楼,52万7,891元/平
旭辉燕南园 三室 中间楼层 精装拎包入住,3室1厅 | 95.02平米 | 南 北 | 其他 | 中楼层(共21层) | 板楼,148万15,576元/平
精装 一室 价格低 户型方正,1室1厅 | 66.48平米 | 南 北 | 其他 | 低楼层(共18层) | 板楼,60万9,026元/平
4期中间位置房型为南北大三居全屋通透明,3室1厅 | 132.81平米 | 南 | 精装 | 中楼层(共7层) | 板楼,293万22,062元/平
旭辉御府 二期 88平米两室 业主精致装修 保持的好,2室1厅 | 88.2平米 | 北 南 | 精装 | 中楼层(共30层) | 板楼,130万14,740元/平
小院视野好、环境安静、看房方便,2室2厅 | 90.68平米 | 南 | 精装 | 中楼层(共18层) | 板楼,145万15,991元/平
依润园 2室1厅 南,2室1厅 | 65.52平米 | 南 | 精装 | 低楼层(共28层) | 板楼,110万16,789元/平
云锦世家郦景园 四期洋房次新房 看房随时方便,2室2厅 | 91.91平米 | 南 北 | 简装 | 中楼层(共6层) | 板楼,180万19,585元/平
南北户型好，婚房装修，顶楼带阁楼，满五唯,3室2厅 | 89.37平米 | 南 | 精装 | 高楼层(共9层) | 板楼,265万29,653元/平
正荣三居，精装修，南北通透，拎包入住,3室2厅 | 94.15平米 | 南 北 | 精装 | 中楼层(共26层) | 板楼,230万24,430元/平
此房在较好楼栋位置，中间楼层采光好，视野好。房主自荐,3室2厅 | 147.52平米 | 南 | 毛坯 | 中楼层(共18层) | 板楼,425万28,810元/平
南北通透三居，全明户型，全天都有采光,3室2厅 | 90.26平米 | 南 北 | 其他 | 中楼层(共18层) | 板楼,195万21,605元/平
深宅大院，门外尽享繁华，门内世外桃源 精装修,5室3厅 | 222.18平米 | 南 北 | 其他 | 中楼层(共4层) | 板楼,650万29,256元/平
满五年， 格局规则，中间位置 小区环境安静优美。,3室2厅 | 138.09平米 | 南 北 | 精装 | 高楼层(共5层) | 板楼,225万16,294元/平
万科小高层，中间楼层，满五唯一，位置好,2室1厅 | 73.75平米 | 南 | 其他 | 高楼层(共16层) | 板楼,155万21,017元/平
青馨园，采光好，一室独单户型方正，看房联系,1室1厅 | 61.56平米 | 南 北 | 其他 | 高楼层(共6层) | 板楼,75万12,184元/平
青吉里 ，一楼户型方正，配套全,2室1厅 | 77.96平米 | 南 北 | 简装 | 低楼层(共6层) | 板楼,94万12,058元/平
瑞泰里边户,精装修位置好,楼层好,南北通透,停车免费,2室1厅 | 89.79平米 | 南 北 | 精装 | 低楼层(共6层) | 板楼,133万14,813元/平
大学城旁，精装两居，小区好位置，视野开阔，可小刀,2室2厅 | 90.11平米 | 南 | 其他 | 中楼层(共21层) | 板楼,75万8,324元/平
保利和光尘樾，满二，南北通透户型，楼层好，看房随时,2室1厅 | 76.93平米 | 北 南 | 其他 | 低楼层(共18层) | 板楼,124万16,119元/平
李七庄 次新小区 金地三室带阳台洋房 业主诚心出售,3室1厅 | 97.46平米 | 南 北 | 其他 | 中楼层(共7层) | 板楼,165万16,931元/平
美的旭辉瀚悦府洋房满两年7楼顶层采光视野好,3室1厅 | 142.2平米 | 南 | 毛坯 | 7层 | 板塔结合,282万19,832元/平
精装修，明厨明卫，采光好，看房方便，阳面客厅房主自荐,2室1厅 | 87.2平米 | 南 北 | 其他 | 低楼层(共17层) | 板楼,109.5万12,558元/平
店长推荐 精装修 全屋环保好材料 实用面积1.35倍,4室2厅 | 152.22平米 | 南 北 | 精装 | 中楼层(共4层) | 板楼,380万24,964元/平
贝壳金选 中北镇万科翡翠嘉和 一楼带院 精装三室,3室1厅 | 114.3平米 | 南 北 | 精装 | 11层 | 板楼,410万35,871元/平
视野开阔采光充足户型方正配套齐全出行方便适合居住,1室1厅 | 32平米 | 南 | 其他 | 高楼层(共6层) | 板楼,39万12,188元/平
澜湾花园 洋房3居室 带地下车位 看房方便,3室2厅 | 129.06平米 | 北 南 | 其他 | 中楼层(共6层) | 板楼,252万19,526元/平
高楼层 视野好 商圈热门小区房源 业主诚心出售,3室1厅 | 91.53平米 | 南 北 | 精装 | 高楼层(共17层) | 板楼,120万13,111元/平
水岸华庭精装修带阁楼 价格好商量,1室1厅 | 54.96平米 | 南 北 | 精装 | 高楼层(共6层) | 板楼,73万13,283元/平
满五年，一手业主，电梯大两室H通透房,2室1厅 | 103.13平米 | 南 北 | 简装 | 低楼层(共10层) | 板楼,189万18,327元/平
金盛园 低楼层改善三室 简装房装修方便 采光好有钥匙,3室2厅 | 112.6平米 | 南 | 其他 | 中楼层(共5层) | 板楼,178万15,809元/平
雅庭电梯房 满五唯一 精装 无抵押 诚心出售,2室1厅 | 71.01平米 | 南 | 其他 | 高楼层(共24层) | 塔楼,56万7,887元/平
空中别墅,4跃5跃6,有露台,有阁楼,有钢琴室,有工作室,4室4厅 | 204.67平米 | 南 北 | 其他 | 高楼层(共4层) | 板楼,380万18,567元/平
精装修，H两居加储藏间，南北通透带阳台，诚心卖,2室1厅 | 90.89平米 | 南 北 | 精装 | 高楼层(共17层) | 板楼,119.5万13,148元/平
诚心出售，价格可议采光无遮挡随时看房,2室1厅 | 71.01平米 | 南 | 精装 | 高楼层(共24层) | 塔楼,58.5万8,239元/平
青馨园 南北通透 1楼 落地窗，价格可议,2室1厅 | 92.54平米 | 南 北 | 其他 | 低楼层(共6层) | 板楼,139万15,021元/平
青馨园，采光好，户型方正，看房联系,2室2厅 | 90.83平米 | 南 北 | 简装 | 高楼层(共6层) | 板楼,90万9,909元/平
青馨园 采光好 户型方正 看房联系，大包出,2室1厅 | 92.76平米 | 南 北 东 | 其他 | 中楼层(共6层) | 板楼,130万14,015元/平
洋房，次顶层，户型方正没有浪费面积，边户，三室双卫,3室2厅 | 117.58平米 | 南 | 毛坯 | 7层 | 板塔结合,238万20,242元/平
中北镇 带阁楼 精装修 停车位充足 南向 无遮挡,2室1厅 | 76.91平米 | 南 | 其他 | 高楼层(共18层) | 板楼,125万16,253元/平
洋房两室，标准H户型，通风效果好，采光好,2室1厅 | 93.52平米 | 南 北 | 简装 | 中楼层(共6层) | 板楼,108万11,549元/平
中交悦公馆 通透大三室 过两年 泰达物业 看房方便,3室1厅 | 125平米 | 南 北 | 毛坯 | 11层 | 板塔结合,220万17,600元/平
中交樾公馆，带阁楼，全明户型，采光好，看房方便,2室1厅 | 82.95平米 | 南 北 | 毛坯 | 15层 | 板塔结合,175万21,098元/平
好楼位西边户精装修三室改善优先拎包入住带家具家电,3室2厅 | 95.74平米 | 南 北 | 精装 | 低楼层(共7层) | 暂无数据,185万19,324元/平
佳和雅庭中间楼层，精装修 66平 诚心出售,2室1厅 | 65.92平米 | 东 南 北 | 精装 | 中楼层(共24层) | 板楼,60万9,102元/平
保利开发 宽厅两室 业主诚心出售 价格可小议,2室1厅 | 80.64平米 | 南 | 简装 | 高楼层(共18层) | 板楼,150万18,602元/平
凯信佳园一室 户型方正 出行便利 配套设施齐全急售,1室1厅 | 70.07平米 | 南 北 | 其他 | 中楼层(共6层) | 板楼,119万16,984元/平
南向无遮挡 视野开阔 生活配套齐全 看房提前预约,3室2厅 | 79.22平米 | 南 北 | 精装 | 低楼层(共28层) | 板楼,195万24,615元/平
南站精装好房急售！！！ 配套齐全生活便利,2室2厅 | 92.73平米 | 南 北 | 简装 | 低楼层(共17层) | 板楼,139万14,990元/平
南开籍 低楼层出行方便 看房随时,2室1厅 | 76.17平米 | 南 北 | 其他 | 低楼层(共6层) | 板楼,137万17,987元/平
业主急售,全明户型 采光好 小区位置佳,2室1厅 | 91.53平米 | 南 北 | 简装 | 高楼层(共17层) | 板楼,101万11,035元/平
南北通透2室 户型方正，业主诚心卖,2室1厅 | 76.93平米 | 南 北 | 其他 | 低楼层(共18层) | 板楼,125万16,249元/平
林溪园通透2居室 中高楼层 采光好 随时看房 诚心出售,1室1厅 | 63.71平米 | 南 | 其他 | 高楼层(共6层) | 板楼,105万16,481元/平
青馨园采光好 户型好 价格可议 诚信出售,2室1厅 | 94.69平米 | 南 北 | 其他 | 高楼层(共6层) | 板楼,95万10,033元/平
亲和美园两室一厅电梯房中间楼层南北朝向采光好,2室1厅 | 73.08平米 | 南 | 毛坯 | 中楼层(共24层) | 板塔结合,59万8,074元/平
津门湖观景两居室，精装，低楼层,2室1厅 | 89.33平米 | 南 北 | 其他 | 低楼层(共31层) | 板楼,190万21,270元/平
青吉里通透两居室 配套齐全 洋房四楼,2室1厅 | 84.07平米 | 南 | 其他 | 中楼层(共6层) | 板楼,68万8,089元/平
聚贤里三室两厅两卫 地下室 家具家电 全有,3室1厅 | 144.7平米 | 南 北 | 精装 | 中楼层(共5层) | 板楼,239万16,517元/平
水西边户别墅 房本355㎡ 院2百多 双车库有地下室阁楼房主自荐,6室3厅 | 354.53平米 | 南 北 西 | 简装 | 3层 | 板楼 | 联排别墅,965万27,220元/平
景园里 1室1厅 东 西,1室1厅 | 48.77平米 | 东 西 | 其他 | 中楼层(共6层) | 板楼,72万14,764元/平
君悦花苑洋房 位置好 三室两卫H户型 配套成熟,3室2厅 | 136.94平米 | 南 北 | 其他 | 低楼层(共6层) | 板楼,258万18,841元/平
运河水畔花园洋房 楼层佳 采光好 精装修 有地下车位,3室2厅 | 124.44平米 | 南 北 | 其他 | 11层 | 板楼,315万25,314元/平
旭辉精装修两室，中间层，满五年，业主诚心卖,2室1厅 | 83.27平米 | 南 | 简装 | 中楼层(共27层) | 板楼,115万13,811元/平
此房满五年唯一 带阁楼 全明户型楼层好视野宽采光好,3室2厅 | 86.04平米 | 南 北 | 精装 | 8层 | 板塔结合,125万14,529元/平
次顶层 自住装修 满五唯一,3室1厅 | 91.53平米 | 南 | 其他 | 高楼层(共17层) | 板楼,117万12,783元/平
满五中间楼层业主自住，能看湖，楼层很好，采光也好,2室1厅 | 89.76平米 | 南 | 其他 | 32层 | 板塔结合,238万26,516元/平
大寺新家园刚需小两室。价格合适，看房随时，有钥匙,2室1厅 | 65.9平米 | 南 | 毛坯 | 高楼层(共28层) | 塔楼,52万7,891元/平
【店长推荐】南开户口、低楼层精装修三居室、楼间距大,3室1厅 | 93.38平米 | 南 北 | 精装 | 低楼层(共6层) | 板楼,220万23,560元/平
出售亲和美园一楼一楼精装自住保养好,2室1厅 | 73.01平米 | 南 | 精装 | 低楼层(共24层) | 板塔结合,78万10,684元/平
小区环境优美 配套齐全 动静分离 布局合理 看房方便,3室1厅 | 102.37平米 | 南 北 | 其他 | 15层 | 板塔结合,153万14,946元/平
万科四季文园 3室2厅 南,3室2厅 | 89.77平米 | 南 | 精装 | 中楼层(共8层) | 板塔结合,160万17,824元/平
保利和光尘樾 宽厅结构 房型好 位置棒 楼层好,3室1厅 | 114.01平米 | 南 北 | 毛坯 | 中楼层(共18层) | 板楼,245万21,490元/平
家泰里婚房装修价格诚心出售采光好随时可看,2室1厅 | 91.68平米 | 南 北 | 其他 | 中楼层(共18层) | 板塔结合,98万10,690元/平
瑞民里 精装两室两厅中间楼层业主诚心出售价格能谈,2室1厅 | 99.36平米 | 南 北 | 精装 | 中楼层(共9层) | 板楼,136万13,688元/平
西西里精装两室 满五唯一少个税 看房方便房主诚心卖,2室1厅 | 96.21平米 | 南 北 | 精装 | 高楼层(共6层) | 板楼,90万9,355元/平
河西贰片中芯小壆 东湖 私产满五唯一阳面大一室有装修,1室1厅 | 53.8平米 | 南 | 简装 | 中楼层(共6层) | 板楼,128.5万23,885元/平
中间层，近地铁，户型方正，采光视野好,1室1厅 | 69.96平米 | 南 北 | 精装 | 低楼层(共26层) | 板楼,85万12,150元/平
瑞民里 两室两厅 过五年 诚心卖 免费停车,2室2厅 | 99平米 | 南 北 | 简装 | 低楼层(共11层) | 板楼,122万12,324元/平
店长力荐 精装 全明 三居 中间楼层 精装 业主诚心出售,3室1厅 | 112.35平米 | 南 北 | 精装 | 中楼层(共7层) | 板楼,219万19,493元/平
配套齐全，一楼通透两室，满五唯一无个税，出房率高房主自荐,2室1厅 | 89.5平米 | 南 北 | 简装 | 低楼层(共7层) | 板楼,172万19,218元/平
建姜西里 全阳一室 采光很好 洋房出房率高房主自荐,1室1厅 | 43.95平米 | 南 | 简装 | 中楼层(共6层) | 板楼,46万10,467元/平
李七庄 金地 一室户型 适合老人居住,1室1厅 | 66.77平米 | 南 北 | 其他 | 低楼层(共15层) | 板楼,118万17,673元/平
房龄新 满五年 交通方便 总价低 私产房 可贷款,2室1厅 | 73平米 | 南 | 简装 | 低楼层(共28层) | 板楼,85万11,644元/平
兴旺里 大中单 双阳台 业主诚心出售 可议价,2室1厅 | 44.38平米 | 南 | 简装 | 中楼层(共4层) | 板楼,50万11,267元/平
总房款低 成熟片区 顶层带大露台 业主诚心出售,2室1厅 | 64.55平米 | 南 北 | 其他 | 高楼层(共6层) | 板楼,66万10,225元/平
采光好，楼层好，出行方便，配套全，业主诚心卖,1室1厅 | 60.62平米 | 南 北 | 精装 | 低楼层(共4层) | 板楼,59万9,733元/平
此房出清华学子，高考学子的必选好房，期待有缘的你,3室1厅 | 100.01平米 | 南 | 精装 | 26层 | 板楼,200万19,999元/平
业主诚心出售 价格可议 新装修两年保持的好,1室1厅 | 54.34平米 | 南 | 其他 | 低楼层(共6层) | 板楼,135万24,844元/平
人和院 顶楼带阁楼 低密度小区 诚心出售,3室2厅 | 77.74平米 | 南 北 | 其他 | 高楼层(共5层) | 板楼,170万21,868元/平
房源：采光好，出行方便，配套齐全,3室1厅 | 126.54平米 | 南 北 | 其他 | 5层 | 板楼,189.8万15,000元/平
中间楼层 视野好 看房方便 通车库 诚心出售,3室1厅 | 87平米 | 南 | 其他 | 中楼层(共15层) | 板楼,122万14,023元/平
跃层精装修、价格美丽、视野采光好、少有,3室2厅 | 140.77平米 | 南 | 精装 | 高楼层(共6层) | 板楼,215万15,274元/平
海逸长洲恋海园 小区楼间距大 房子开间大 视野好,3室2厅 | 197.95平米 | 南 | 其他 | 高楼层(共24层) | 板楼,500万25,259元/平
：房子采光很好，海逸大平层，中间位置,4室2厅 | 237.52平米 | 南 | 精装 | 低楼层(共26层) | 板楼,760万31,998元/平
静溪园别墅区 边户 精装修 带电梯 满五唯一,5室1厅 | 188.96平米 | 南 北 | 精装 | 低楼层(共3层) | 板楼,700万37,045元/平
H户型，三室使用面积大，次卧楼上都不算面积房主自荐,3室1厅 | 80.82平米 | 南 | 精装 | 低楼层(共18层) | 板楼,145万17,942元/平
格调松间 两梯两户三室 满两年 有钥匙随时看,3室1厅 | 128.36平米 | 南 北 | 毛坯 | 低楼层(共18层) | 板楼,299万23,294元/平
南北通透，一楼带小院，地理位置好，不临街,1室1厅 | 63.75平米 | 南 北 | 简装 | 低楼层(共18层) | 板楼,103万16,157元/平
九区好房，精装修，满五唯一税费低，业主诚意出售,1室1厅 | 56.69平米 | 南 北 | 其他 | 高楼层(共6层) | 板楼,72万12,701元/平
溪悦园全阳面一室，中间楼层，环境好,1室1厅 | 59.62平米 | 南 | 简装 | 中楼层(共24层) | 板楼,65万10,903元/平
地铁八号线旁 电梯大两居室 满五唯一 出行方便,2室1厅 | 94.89平米 | 南 北 | 简装 | 低楼层(共18层) | 板楼,165万17,389元/平
采光充足 房子保持很好 带车位,3室1厅 | 115.89平米 | 南 北 | 精装 | 中楼层(共5层) | 板塔结合,205万17,690元/平
中医一附院旁 恒祥佳园 中间楼层 采光无遮挡 交通便利,1室1厅 | 70.19平米 | 南 | 其他 | 中楼层(共26层) | 暂无数据,88万12,538元/平
摩卡H户型 南北通透 中间位置 电梯洋房,2室1厅 | 95.98平米 | 南 北 | 其他 | 11层 | 板楼,139万14,483元/平
旭辉御府 精装修三室两卫 好楼层 诚心出售,3室2厅 | 122.62平米 | 南 北 | 精装 | 中楼层(共30层) | 塔楼,190万15,496元/平
花溪苑 洋房经典一室 精装修 业主诚心出售,1室1厅 | 58.04平米 | 南 | 其他 | 中楼层(共6层) | 塔楼,98万16,885元/平
云锦世家 电梯洋房3楼 精装修 业主诚心出售,2室2厅 | 91.42平米 | 南 北 | 精装 | 低楼层(共9层) | 板楼,189万20,674元/平
云锦世家 电梯洋房 南北通透 带阁楼,4室2厅 | 103.6平米 | 南 北 | 精装 | 高楼层(共7层) | 板楼,339万32,723元/平
旭辉御府二期顶层有阁楼 精装修 采光好使用面积大,2室2厅 | 83.14平米 | 南 北 | 其他 | 高楼层(共28层) | 板楼,185万22,252元/平
旭辉三期精装大两居，采光视野好,2室1厅 | 88.58平米 | 南 | 精装 | 中楼层(共27层) | 板楼,153万17,273元/平
三期不临高铁 采光视野好 家具家电打包出售 诚意出售房主自荐,3室1厅 | 92.77平米 | 南 北 | 精装 | 高楼层(共24层) | 板楼,150万16,170元/平
不临高铁 中间楼层 诚意出售 看房方便,2室1厅 | 83.14平米 | 南 | 毛坯 | 中楼层(共28层) | 板楼,120万14,434元/平
格调松间精装2室 看房方便 业主诚意卖 拎包入住,2室1厅 | 98.56平米 | 南 北 | 其他 | 中楼层(共26层) | 板楼,210万21,307元/平
经典全明格局 视野宽阔 采光充足 配套设施齐全,2室1厅 | 63.64平米 | 东 | 其他 | 低楼层(共18层) | 板楼,85万13,357元/平
店长推荐 户型方正 采光无遮挡 临公园,1室1厅 | 53.99平米 | 南 | 简装 | 高楼层(共6层) | 板楼,133万24,635元/平
欧式全屋定制 通透全明 东边户 直通车库 地下大车位,3室2厅 | 122.25平米 | 南 | 精装 | 低楼层(共30层) | 板楼,210万17,178元/平
香锦园 2室2厅 南,2室2厅 | 89.67平米 | 南 | 其他 | 高楼层(共11层) | 板楼,120万13,383元/平
碧湖园精装带露台，露台已封，使用面积大，采光无遮挡,2室1厅 | 74.59平米 | 南 北 | 精装 | 高楼层(共6层) | 板楼,160万21,451元/平
卖点： 大一室、有装修、交通便利，离上学方便,1室1厅 | 66.25平米 | 南 北 | 其他 | 高楼层(共18层) | 板楼,120万18,114元/平
电梯房 H户型南北通透 采光无遮挡 配套齐全,2室1厅 | 88.11平米 | 南 北 | 精装 | 低楼层(共18层) | 板楼,165万18,727元/平
大地十二城翠杉园，好位置。好楼层精装。急售。好户型,1室1厅 | 67.53平米 | 南 北 | 精装 | 中楼层(共18层) | 板楼,115万17,030元/平
新上房源 富力湾 全阳两居 视野好 满五唯一 方便看房房主自荐,2室2厅 | 87.99平米 | 南 | 精装 | 中楼层(共28层) | 板楼,160万18,184元/平
黛湖精装两室，看房方便可观湖视野无遮挡,2室1厅 | 94.16平米 | 南 北 | 精装 | 中楼层(共29层) | 板楼,260万27,613元/平
清枫园-精装两室-南北通透-楼层楼位好-景观好-临运河,2室2厅 | 90.69平米 | 南 北 | 其他 | 中楼层(共18层) | 板楼,128万14,115元/平
清枫园通透大一室 中间楼层 采光视野好,1室1厅 | 67.72平米 | 南 北 | 其他 | 高楼层(共18层) | 板楼,85万12,552元/平
花溪苑 全明一居室砖房 8号线 精装修,1室1厅 | 60.84平米 | 南 | 精装 | 中楼层(共6层) | 塔楼,79.5万13,068元/平
鸣泉花园临湖+全阳两居室+婚房装修+拎包入住=理想家,2室1厅 | 87.31平米 | 南 | 精装 | 中楼层(共30层) | 板楼,229万26,229元/平
小镇西西里小区环境优美，有电梯，楼层好无遮挡采光好,2室1厅 | 92.45平米 | 南 北 | 精装 | 中楼层(共11层) | 板楼,138万14,927元/平
给孩子买的房，现在工作调动上海，闲置诚意出,3室2厅 | 95.87平米 | 南 北 | 精装 | 16层 | 板塔结合,210万21,905元/平
满五年、地暖、精装、纯一手没住过人、通风效果好,2室2厅 | 104.4平米 | 南 北 | 其他 | 低楼层(共27层) | 板楼,180万17,242元/平
澄澜花园精装改造大三室，有地下车位，采光视野好,3室2厅 | 153.71平米 | 南 北 | 其他 | 32层 | 板塔结合,415万26,999元/平
柏溪三室 业主诚意出售 能看湖 小区位置好,3室2厅 | 134.7平米 | 南 北 | 其他 | 高楼层(共18层) | 板楼,400万29,696元/平
标准户型精装修别墅层次分明格局合理,4室3厅 | 132.06平米 | 南 | 精装 | 中楼层(共5层) | 板楼,295万22,339元/平
津来花园私产南北通透户型 非顶楼 可贷款,2室1厅 | 66.16平米 | 南 北 | 其他 | 高楼层(共6层) | 板楼,104万15,720元/平
小高层 稀有房源 落地窗 无遮挡 一梯两户 大产权,2室1厅 | 95.28平米 | 南 | 其他 | 高楼层(共11层) | 板楼,115万12,070元/平
澜湾花园 电梯洋房 南运河景观房 精装 一梯两户H户型房主自荐,2室1厅 | 91.82平米 | 北 南 | 精装 | 高楼层(共9层) | 板楼,195万21,238元/平
中北镇 水溪苑 南北通透 5跃6 带露台 诚心卖,3室2厅 | 109.46平米 | 南 北 | 精装 | 高楼层(共5层) | 板楼,215万19,642元/平
大一居 过两年，无大税，看房方便，可租可住,1室1厅 | 66.75平米 | 南 北 | 简装 | 18层 | 板楼,58万8,690元/平
美域豪庭，中楼层过五年，带地下车位，自住有装修,2室2厅 | 93.22平米 | 南 | 精装 | 中楼层(共32层) | 板塔结合,175万18,773元/平
美域兰庭 跃层二带负二，宽敞舒适南北通透，雅静舒适房主自荐,5室2厅 | 265.87平米 | 南 北 | 精装 | 低楼层(共6层) | 板楼,538万20,236元/平
中间楼层，双卧朝阳，采光无遮挡，下楼步行到达地铁站,2室1厅 | 93.31平米 | 南 北 | 其他 | 中楼层(共26层) | 板楼,170万18,219元/平
新上云锦世家 洋房精装，楼层好采光充足，诚心出售,3室2厅 | 129.91平米 | 南 北 | 其他 | 中楼层(共6层) | 板楼,300万23,093元/平
通风效果好，两个全阳面卧室，居住舒适度高,2室1厅 | 105.83平米 | 南 | 简装 | 低楼层(共6层) | 板楼,148万13,985元/平
此房通透，高楼层H两室，保持的很好，看房方便,2室1厅 | 120.51平米 | 南 北 | 精装 | 高楼层(共18层) | 板楼,285万23,650元/平
凯信佳园 满五唯一 带大阁楼 JIN角 明厅,2室2厅 | 83.3平米 | 南 北 | 其他 | 高楼层(共6层) | 板楼,92万11,045元/平
总价低，适合小居住人群，位置好，万达旁边,1室1厅 | 59.8平米 | 南 北 | 精装 | 高楼层(共6层) | 板楼,70万11,706元/平
调高5.3米 社会山南苑带阁楼的房子诚心出售买一得两层,3室1厅 | 92.59平米 | 南 北 | 毛坯 | 高楼层(共20层) | 板楼,136万14,689元/平
龙顺园1室1厅 配套齐全 户型好,1室1厅 | 56.52平米 | 东南 南 | 简装 | 低楼层(共26层) | 板楼,52万9,201元/平
旭辉洋房3室，不临高铁，一梯2户,3室1厅 | 93.54平米 | 南 北 | 其他 | 低楼层(共11层) | 板楼,155万16,571元/平
旭辉御府 2期 好房 采光充足 精装修,2室1厅 | 88.2平米 | 南 北 | 其他 | 低楼层(共30层) | 板楼,120万13,606元/平
品牌精装修，可拎包入住。次卧不在房本面积，好楼层,3室2厅 | 93.43平米 | 南 北 | 其他 | 高楼层(共18层) | 板楼,171万18,303元/平
爱情缤纷里小三室 近地铁 看房随时 有钥匙 业主诚意卖,3室1厅 | 84.48平米 | 北 南 | 简装 | 24层 | 板塔结合,145万17,164元/平
店长力荐！精装佳，车位位置佳，近地铁满五唯一,2室1厅 | 97.01平米 | 南 | 精装 | 高楼层(共18层) | 板楼,169万17,421元/平
翡翠嘉和中间层，采光充足，视野好,2室1厅 | 89.39平米 | 南 北 | 精装 | 24层 | 板塔结合,199万22,262元/平
顺通家园 中楼层 全阳户型 次新房,1室1厅 | 56.07平米 | 南 | 毛坯 | 低楼层(共26层) | 板楼,55万9,810元/平
顺通低楼层 采光好 明厅 看房方便,1室1厅 | 56.09平米 | 西 | 其他 | 低楼层(共26层) | 板楼,55万9,806元/平
阳面一居室 户型方正 产权清晰 采光无遮挡 过5唯一,1室1厅 | 53.7平米 | 东 | 其他 | 中楼层(共18层) | 板楼,51万9,498元/平
顺通家园全南一居室 保持干净,1室1厅 | 55.75平米 | 南 | 简装 | 高楼层(共24层) | 板楼,57万10,225元/平
上为明一室一厅电梯房 中间楼层 视野好,1室1厅 | 53.93平米 | 南 | 其他 | 中楼层(共26层) | 板楼,55万10,199元/平
阳面一居室 户型方正 产权清晰 采光无遮挡,1室1厅 | 54.09平米 | 南 | 其他 | 低楼层(共29层) | 板楼,58万10,723元/平
顺通家园 阳面带电梯 近地铁 买菜方便,1室1厅 | 55.76平米 | 南 | 精装 | 低楼层(共29层) | 板楼,55万9,864元/平
此房高楼层 采光充足 视野好 看房方便 诚心出售,2室1厅 | 90.85平米 | 南 北 | 其他 | 高楼层(共6层) | 板楼,76万8,366元/平
诚售！通透一居室，明厨明卫，看房提前预约!,1室1厅 | 75.75平米 | 南 北 | 精装 | 高楼层(共9层) | 板楼,185万24,423元/平
地铁（5+10），高层带电梯，全阳朝向，户型方正,2室1厅 | 80.48平米 | 南 | 其他 | 中楼层(共27层) | 板楼,140万17,396元/平
店长力荐 小高层 豪庭 中层 采光好 精装修 满五唯一,2室1厅 | 90.41平米 | 南 | 精装 | 中楼层(共11层) | 板楼,188万20,795元/平
天房美域二期，17层到顶两梯四户，经典跃层,1室1厅 | 80.88平米 | 南 | 精装 | 中楼层(共17层) | 板楼,150万18,546元/平
此房满五年 无抵押 带装修 业主诚心出售,1室1厅 | 55.78平米 | 东 | 精装 | 低楼层(共16层) | 板楼,53万9,502元/平
南北通透，楼层好视野宽阔，采光充足，配套设施齐全,2室2厅 | 116.27平米 | 南 北 | 精装 | 高楼层(共6层) | 板楼,119万10,235元/平
交通方便，一室户型，通风效果好,1室1厅 | 59.35平米 | 南 | 其他 | 高楼层(共6层) | 板楼,56万9,436元/平
满五唯一 婚房精装全阳大一室 好楼层 视野无遮挡房主自荐,1室2厅 | 54.91平米 | 南 | 精装 | 高楼层(共18层) | 板楼,69万12,567元/平
满五唯一，税费低，小区只有九栋楼，车位充足不收费,2室1厅 | 91.32平米 | 南 | 简装 | 中楼层(共6层) | 板楼,120万13,141元/平
业主诚心出售，一手房主，看房方便，价格可议,2室1厅 | 95.27平米 | 南 北 | 精装 | 18层 | 板楼,82万8,608元/平
美的旭辉韩悦府 精装房 诚心出售 楼层好,3室2厅 | 113.56平米 | 南 北 | 精装 | 33层 | 板塔结合,199.5万17,568元/平
标准H户型通透户型 过五 楼间距大落地窗采光很好,2室1厅 | 92.65平米 | 南 | 简装 | 高楼层(共6层) | 板楼,150万16,190元/平
格调泰达 近地铁 公园式园林 精装修 通透户型,3室1厅 | 118.4平米 | 南 北 | 精装 | 高楼层(共18层) | 板楼,340万28,717元/平
业主诚心出售 中间楼层 有钥匙 随时看房,4室2厅 | 116.68平米 | 南 北 | 毛坯 | 26层 | 板塔结合,225万19,284元/平
此房朝南北，无浪费面积视野开阔实用空间大,2室1厅 | 92.21平米 | 南 北 | 简装 | 低楼层(共6层) | 板楼,143万15,509元/平
精装修 莱茵旁 非顶楼 次新小区 看上房价格不是问题,2室1厅 | 91平米 | 南 北 | 其他 | 高楼层(共6层) | 板楼,118万12,968元/平
顺通精装修一居室 可拎包入住 中间楼层 采光好,1室1厅 | 52.18平米 | 南 | 精装 | 低楼层(共24层) | 板楼,59万11,308元/平
房源南北通透 无浪费面积 出房率高视野开阔实用空间大,2室1厅 | 91.08平米 | 南 北 | 其他 | 中楼层(共6层) | 板楼,126万13,834元/平
精装修没住人 通透三居拎包入住 楼下公园,3室2厅 | 145.1平米 | 南 | 其他 | 高楼层(共10层) | 暂无数据,750万51,689元/平
环内洋房，全新装修，H户型，采光无遮挡，中间位置！,2室1厅 | 112.69平米 | 南 | 精装 | 低楼层(共9层) | 板楼,276万24,492元/平
满五唯一 视野好 南北通透 生活成本低 配套成熟有地铁,2室1厅 | 83.51平米 | 南 北 | 其他 | 高楼层(共7层) | 板楼,112万13,412元/平
次新房诚心出售，价格可议随时看房房主自荐,2室1厅 | 65.9平米 | 东南 | 毛坯 | 中楼层(共28层) | 塔楼,58万8,802元/平
新装修两年 总面积+7平 视野开阔,3室1厅 | 154.04平米 | 南 北 | 精装 | 32层 | 板塔结合,320万20,774元/平
总监推荐社会山南苑 精装修 满两年 中高楼层 看房方便房主自荐,3室1厅 | 93.74平米 | 南 北 | 精装 | 高楼层(共20层) | 板楼,145万15,469元/平
临地铁 电梯洋房 南北通透 东户 楼层好楼下花园房主自荐,2室1厅 | 82.02平米 | 南 北 | 精装 | 高楼层(共9层) | 板楼,136万16,582元/平
店长推荐 全明户型 近地铁 采光充足 视野好,2室1厅 | 118.51平米 | 南 北 | 其他 | 高楼层(共17层) | 板楼,315万26,581元/平
此房满5年，唯一，南北通透，带院子，双门进入，诚心,2室1厅 | 107.75平米 | 南 北 | 其他 | 低楼层(共9层) | 板楼,270万25,059元/平
中北镇 万科 南向2居 无遮挡 全天采光,2室2厅 | 89.24平米 | 北 南 | 其他 | 高楼层(共18层) | 板楼,152万17,033元/平
中北镇南北通透全明格局1层诚心出售一楼用途广,2室1厅 | 94.09平米 | 南 北 | 其他 | 低楼层(共7层) | 板楼,200万21,257元/平
中北镇 南北通透 跃层 地铁8号线,2室2厅 | 109.34平米 | 南 北 | 其他 | 高楼层(共5层) | 板楼,209万19,115元/平
精装修 zy空调 地采暖，位置无遮挡中间好楼层诚信出售,3室1厅 | 94.74平米 | 南 北 | 精装 | 高楼层(共14层) | 板楼,148万15,622元/平
龙府花园大产权两室户型通透产权清晰配套齐全,2室1厅 | 88.45平米 | 南 | 简装 | 高楼层(共6层) | 板楼,40.5万4,579元/平
企业产，精装三室，全明户型，低楼层，业主诚心卖,3室1厅 | 105.14平米 | 南 北 | 精装 | 低楼层(共26层) | 板楼,90万8,561元/平
中北大道南侧南北通透电梯中高层满五,2室1厅 | 93.76平米 | 南 北 | 其他 | 中楼层(共18层) | 板楼,129万13,759元/平
社会山花园二区联排宽厅别墅花园70平米地下室70平米,3室2厅 | 238.9平米 | 南 北 | 简装 | 3层 | 板楼 | 双拼别墅,500万20,930元/平
精装修，没有遮挡 采光很好.价格能商量,2室2厅 | 93.26平米 | 南 北 | 其他 | 高楼层(共5层) | 板楼,200万21,446元/平
清枫园南北通透大一室，高层不到顶，满五唯一,1室1厅 | 67.72平米 | 南 北 | 其他 | 高楼层(共18层) | 板楼,79万11,666元/平
津门湖 业主精心百万精装 有车位小高层 可拎包住,3室2厅 | 136.61平米 | 南 | 其他 | 中楼层(共18层) | 板楼,430万31,477元/平
精装修，可观湖，采光无遮挡 诚意出售,4室2厅 | 203平米 | 南 北 | 其他 | 低楼层(共25层) | 板楼,670万33,005元/平
出行方便，配套设施齐全，采光好,3室2厅 | 149.04平米 | 南 北 | 其他 | 中楼层(共5层) | 板楼,198万13,286元/平
梅江海逸 精装 中高层 视野观景无遮挡,4室2厅 | 232.52平米 | 南 | 其他 | 高楼层(共27层) | 板楼,750万32,256元/平
海逸 经典四室户型 直观梅江风景区 交通方便 配套齐全,4室2厅 | 232.44平米 | 南 | 其他 | 高楼层(共27层) | 板楼,600万25,814元/平
房子保持很好 房龄新，业主诚心卖，采光好,3室1厅 | 90.47平米 | 南 北 | 精装 | 11层 | 板塔结合,178万19,676元/平
依润园 2室1厅 南 北,2室1厅 | 72.17平米 | 南 北 | 毛坯 | 中楼层(共16层) | 板楼,165万22,863元/平
户型方正三居室 布局合理 新小区 环境好 有地铁10号线,3室2厅 | 100.67平米 | 南 北 | 精装 | 低楼层(共15层) | 板楼,215万21,357元/平
保利拾光年 通透两居室精装婚房,2室2厅 | 76.78平米 | 南 北 | 精装 | 18层 | 板塔结合,150万19,537元/平
房子南北通透，中间楼层，前边花园，毛坯房随意装修,3室2厅 | 94.07平米 | 南 北 | 其他 | 中楼层(共17层) | 板楼,150万15,946元/平
满五唯一 私产房 户型方正 采光充足 无遮挡,1室1厅 | 37.77平米 | 南 | 其他 | 高楼层(共6层) | 板楼,50万13,239元/平
保利现房好楼层好楼位价格可谈采光好随时可签看房方便,3室2厅 | 89.27平米 | 南 北 | 简装 | 高楼层(共16层) | 板楼,165万18,484元/平
满两年 精装修 洋房有电梯 中间楼层 价格可谈,3室2厅 | 93.92平米 | 南 北 | 精装 | 11层 | 板塔结合,180万19,166元/平
万科 西庐 精装三室 7层到顶 好楼层 看房方便 价可议,3室2厅 | 126.96平米 | 南 | 其他 | 7层 | 板塔结合,270万21,267元/平
燕南园 婚房三室 价格可议 看房方便 诚心出售,3室1厅 | 93.99平米 | 南 北 | 其他 | 中楼层(共28层) | 板塔结合,165万17,556元/平
波溪园 满五唯一 南北通透 全明户型 诚心出售 随时看,2室2厅 | 86.28平米 | 南 北 | 其他 | 高楼层(共6层) | 板楼,168万19,472元/平
满五唯一 精装修 业主没住过 跃层,1室1厅 | 81.43平米 | 南 | 其他 | 低楼层(共18层) | 板楼,87万10,685元/平
佳和雅庭两室一厅、两室朝南、次新小区,2室1厅 | 71.01平米 | 南 | 简装 | 中楼层(共24层) | 板楼,57万8,028元/平
楼层位置不错~ 目前出租状态，采光好！,2室1厅 | 92.65平米 | 北 南 | 其他 | 高楼层(共6层) | 板楼,135万14,571元/平
14平米大阳台 落地窗窗前没楼 无遮挡 诚心售配套齐,1室1厅 | 75.76平米 | 南 | 其他 | 高楼层(共6层) | 板楼,116万15,312元/平
富力湾 经典通透户型 人车分流小区,2室1厅 | 90.17平米 | 南 北 | 其他 | 高楼层(共26层) | 板楼,198万21,959元/平
金地 三期 业主30万装修次顶层,3室1厅 | 101.26平米 | 南 北 | 精装 | 7层 | 板楼,229万22,616元/平
高楼层精装三室，采光好，没有遮挡，看房子约租户,3室2厅 | 138.99平米 | 南 北 | 精装 | 高楼层(共31层) | 板楼,298万21,441元/平
出门地铁 全明户型 观湖效果好 有钥匙随时看房主自荐,3室2厅 | 178.4平米 | 南 北 | 精装 | 低楼层(共24层) | 板楼,490万27,467元/平
旭辉御府 精装两室 有车位 诚意出售,2室1厅 | 88.2平米 | 南 | 精装 | 高楼层(共30层) | 板楼,109万12,359元/平
南北通透的格局采光充足配套齐全生活便利,2室2厅 | 87.85平米 | 南 北 | 简装 | 低楼层(共6层) | 板塔结合,80万9,107元/平
次新小区，业主诚意出售 2梯四户，边户通透,3室2厅 | 93.62平米 | 南 北 西 | 毛坯 | 低楼层(共11层) | 板楼,169万18,052元/平
房子楼位好，不临街，可观湖，装修好,2室2厅 | 115.07平米 | 南 | 其他 | 高楼层(共32层) | 板楼,300万26,072元/平
旭辉别墅 东边户 小区中间位置,5室3厅 | 179.74平米 | 南 北 | 其他 | 3层 | 板楼,610万33,938元/平
2室 1梯1户 采光充足 视野开阔 3面朝南 稀有户型,2室2厅 | 118.43平米 | 南 北 | 简装 | 高楼层(共6层) | 板楼,150万12,666元/平
悦盛里精装两室 业主诚意卖 随时能看,2室1厅 | 97.53平米 | 南 北 | 其他 | 18层 | 板楼,95万9,741元/平
满五唯一 中间层 全明通透 交通便利,2室1厅 | 75.77平米 | 西南 | 其他 | 中楼层(共18层) | 塔楼,105万13,858元/平
金地三期 带院子 带地下室 使用面积300平 业主诚心卖房主自荐,2室1厅 | 101.26平米 | 南 | 毛坯 | 7层 | 板楼,300万29,627元/平
碧桂园 小高层 毛坯三室 看房方便 价格可议,3室1厅 | 101.01平米 | 南 北 | 毛坯 | 15层 | 板塔结合,158万15,643元/平
澜锦园精装洋房 楼层视野佳 邂逅诗意生活 品质优选,3室1厅 | 123.16平米 | 南 北 | 精装 | 中楼层(共8层) | 板楼,310万25,171元/平
瑞民里，精装H户型两室，业主诚心出售，,2室2厅 | 96.21平米 | 南 | 精装 | 高楼层(共6层) | 板楼,95万9,875元/平
万科 西庐 精装三室 7层到顶 好楼层 看房方便 价可议,3室2厅 | 126.96平米 | 南 | 其他 | 7层 | 板塔结合,270万21,267元/平
H户型 南北通透 精装 拎包入住 有商量空间,2室1厅 | 104.49平米 | 南 北 | 精装 | 中楼层(共5层) | 板楼,110万10,528元/平
李七庄，新小区，小两室，朝阳，采光好，看房方便,2室1厅 | 82.69平米 | 南 | 毛坯 | 低楼层(共13层) | 板楼,152万18,382元/平
楼层位置不错~ 目前出租状态，采光好！,2室1厅 | 92.65平米 | 北 南 | 其他 | 高楼层(共6层) | 板楼,135万14,571元/平
满五唯一 精装修 业主没住过 跃层,1室1厅 | 81.43平米 | 南 | 其他 | 低楼层(共18层) | 板楼,87万10,685元/平
楼层好，采光好，配套设施齐全，交通便利,4室3厅 | 221.19平米 | 南 北 | 精装 | 高楼层(共24层) | 板楼,774.2万35,002元/平
天津南站，总监推荐，社会山花园，别墅小区,4室2厅 | 329.89平米 | 南 北 | 其他 | 低楼层(共5层) | 板楼,312万9,458元/平
此房户型方正 房主诚心出售 楼间距大 小区免费停车,1室1厅 | 64.06平米 | 南 | 其他 | 低楼层(共22层) | 板楼,58万9,055元/平
瑞民里精装一室，业主诚心出售，价格可议,2室1厅 | 65.35平米 | 南 | 其他 | 高楼层(共9层) | 板楼,64万9,794元/平
客厅和卧室朝南，户型好.采光好,3室1厅 | 95平米 | 南 北 | 毛坯 | 低楼层(共28层) | 板塔结合,137万14,422元/平
依润园 2室1厅 南 北,2室1厅 | 72.17平米 | 南 北 | 毛坯 | 中楼层(共16层) | 板楼,165万22,863元/平
保利拾光年 通透两居室精装婚房,2室2厅 | 76.78平米 | 南 北 | 精装 | 18层 | 板塔结合,150万19,537元/平
户型方正三居室 布局合理 新小区 环境好 有地铁10号线,3室2厅 | 100.67平米 | 南 北 | 精装 | 低楼层(共15层) | 板楼,215万21,357元/平
青吉里非顶楼，阴阳卧室，采光好通透,2室1厅 | 64.51平米 | 南 北 | 简装 | 高楼层(共6层) | 板楼,43万6,666元/平
满五唯一无个税，不临高铁精装两室，上下楼方便,2室1厅 | 83.08平米 | 南 北 | 精装 | 低楼层(共24层) | 板楼,139.5万16,792元/平
青馨园 精装H户型 带阁楼 价格可议 随时看房主自荐,2室1厅 | 98.95平米 | 南 北 | 精装 | 高楼层(共6层) | 板楼,98万9,904元/平
富力湾 经典通透户型 人车分流小区,2室1厅 | 90.17平米 | 南 北 | 其他 | 高楼层(共26层) | 板楼,198万21,959元/平
满两年 精装修 洋房有电梯 中间楼层 价格可谈,3室2厅 | 93.92平米 | 南 北 | 精装 | 11层 | 板塔结合,180万19,166元/平
保利现房好楼层好楼位价格可谈采光好随时可签看房方便,3室2厅 | 89.27平米 | 南 北 | 简装 | 高楼层(共16层) | 板楼,165万18,484元/平
精装两室 三羊开泰 业主诚心出售,2室1厅 | 97.05平米 | 南 北 | 精装 | 中楼层(共11层) | 板楼,145万14,941元/平
恒益隆庭，精装修，顶楼带阁楼，诚心出售，满五唯一,2室1厅 | 87.93平米 | 南 北 | 精装 | 高楼层(共6层) | 板楼,106万12,056元/平
房子位于小区中间位置，叠下带地下室带一百平米小院,2室2厅 | 123.01平米 | 南 北 | 其他 | 低楼层(共4层) | 板塔结合,330万26,828元/平
精装修，南站洋房，三居室，户型方正，南北通透,3室2厅 | 95.21平米 | 南 北 | 其他 | 7层 | 板楼,179万18,801元/平
人车分流 万科物业 视野采光好 诚心出售,1室1厅 | 77.99平米 | 南 | 精装 | 高楼层(共26层) | 板楼,88万11,284元/平
精装修，未入住，楼层好位置好，看房方便,3室2厅 | 97.59平米 | 南 | 其他 | 15层 | 板塔结合,170万17,420元/平
旭辉不临高铁 三期不临街 精装 视野好 采光好 有车位,3室1厅 | 92.67平米 | 南 | 其他 | 高楼层(共27层) | 板塔结合,140万15,108元/平
君悦 精装修 大俩室 随时看房业主诚心出售！,2室1厅 | 93.56平米 | 南 | 精装 | 16层 | 板楼,139万14,857元/平
精装修，可观景，次新房拎包入住房主自荐,2室1厅 | 93.43平米 | 南 | 精装 | 中楼层(共31层) | 塔楼,204万21,835元/平
万科博园满五唯一次顶层好位置精装修带车位看房方便房主自荐,3室2厅 | 89.61平米 | 南 北 | 精装 | 高楼层(共8层) | 板楼,168万18,748元/平
境界梅江中间楼层 采光无遮挡 H户型落地窗带阳台,2室1厅 | 123.12平米 | 南 北 | 简装 | 高楼层(共18层) | 板楼,300万24,367元/平
此房满五年，有二套，精装修，南北通透，楼栋位置好,3室2厅 | 136.86平米 | 南 北 | 其他 | 低楼层(共10层) | 板楼,445万32,515元/平
李七庄，新小区，小两室，朝阳，采光好，看房方便,2室1厅 | 79.16平米 | 南 | 简装 | 低楼层(共11层) | 板楼,148万18,697元/平
此新房，没有入住过，采光没有遮挡,3室2厅 | 125.62平米 | 南 | 其他 | 中楼层(共7层) | 板楼,255万20,300元/平
户型方正，采光充足，中楼层，采光好,2室1厅 | 94.41平米 | 南 北 | 精装 | 低楼层(共22层) | 板塔结合,85万9,004元/平
江湾广场 楼下地铁10号线 正规一室 采光好,1室1厅 | 53.48平米 | 南 | 其他 | 高楼层(共30层) | 板楼,88万16,455元/平
私产 拎包入住 业主诚心出售 配套完善 随时看房房主自荐,1室1厅 | 68.39平米 | 南 北 | 其他 | 高楼层(共6层) | 板楼,68万9,943元/平
砖房社区 南北通透 户型方正采光好看房方便诚意卖,2室2厅 | 89.97平米 | 南 北 | 其他 | 高楼层(共6层) | 板楼,158万17,562元/平
景园里南户籍 砖混结构 面积大 诚心卖 价格可议,2室1厅 | 99.38平米 | 南 北 | 简装 | 高楼层(共6层) | 板楼,101万10,164元/平
户型方正通透无遮挡中间楼层视野好,3室2厅 | 133.54平米 | 南 北 | 其他 | 中楼层(共6层) | 板楼,262万19,620元/平
中间楼层 采光好 户型方正 视野开阔,1室1厅 | 60.1平米 | 南 | 其他 | 中楼层(共22层) | 板楼,66万10,982元/平
恒益隆庭，精装大2室，位置好，采光好,2室1厅 | 104.02平米 | 南 北 | 其他 | 中楼层(共5层) | 板楼,126万12,114元/平
怡和新村 过五年 通透大两室 看房方便 诚心卖,2室2厅 | 117.52平米 | 南 | 其他 | 中楼层(共25层) | 暂无数据,112万9,531元/平
远洋万和城 一个房本三室 装修好 带车位,3室2厅 | 157.77平米 | 南 北 | 其他 | 低楼层(共24层) | 板楼,396万25,100元/平
此房大两室，南北通透，采光好，双地铁，东湖,2室2厅 | 101.58平米 | 南 北 | 其他 | 低楼层(共6层) | 板楼,230万22,643元/平
金地兿墅家二期 主力户型 全明房型 精装修,3室1厅 | 94.6平米 | 南 北 | 精装 | 11层 | 板楼,167万17,654元/平
万科翡翠嘉和 三室双卫 小区前排 好楼层可观运河,3室2厅 | 125.4平米 | 南 | 毛坯 | 10层 | 板塔结合,266万21,213元/平
梅江海逸长洲 中间楼层 直观梅江 景观公园 无遮挡,3室2厅 | 190.53平米 | 南 | 其他 | 高楼层(共27层) | 板楼,480万25,193元/平
正规H户型 毛坯房 满五唯一大面积挂价低可议,2室1厅 | 101.99平米 | 南 北 | 精装 | 高楼层(共6层) | 板楼,94万9,217元/平
一楼出入方便高新区站现房即买即住所见即所得,3室2厅 | 86.71平米 | 南 北 | 其他 | 低楼层(共18层) | 板塔结合,130万14,993元/平
小区第二排，精装大三室 带车位急售,3室2厅 | 123.97平米 | 南 北 | 精装 | 11层 | 板楼,290万23,393元/平
美的旭辉翰悦府小高无噪音位置好东边户诚心出售,3室2厅 | 110.12平米 | 南 北 | 简装 | 15层 | 板塔结合,208万18,889元/平
富力湾全阳户型 采光好 生活交通便利,2室1厅 | 87.28平米 | 南 | 其他 | 中楼层(共27层) | 板楼,149万17,072元/平
此小区出行方便，户型方正，视野开阔，采光无遮挡。,2室1厅 | 95平米 | 南 北 | 精装 | 低楼层(共24层) | 板楼,230万24,211元/平
社会山北苑 电梯洋房社区 满五唯一 毛坯 价格能谈,3室2厅 | 97.43平米 | 南 北 | 毛坯 | 中楼层(共11层) | 板楼,173万17,757元/平
南站纯洋房小区，一楼带地下室 带小院 ，电梯房,3室1厅 | 124平米 | 南 北 | 毛坯 | 低楼层(共7层) | 板楼,265万21,371元/平
远洋万和城南北通透三室，业主诚心出售价格可议。,3室2厅 | 130.77平米 | 南 北 | 精装 | 低楼层(共18层) | 板楼,330万25,236元/平
上下2层 临街 业主诚心出售,2室1厅 | 138平米 | 南 北 | 简装 | 低楼层(共2层) | 板楼,295万21,377元/平
洋房一梯两户 户型格局好 价格合适 房主诚心卖房,3室2厅 | 106.41平米 | 北 南 | 毛坯 | 中楼层(共11层) | 板楼,189万17,762元/平
远洋万和城精装全阳两室拎包入住满五年,2室1厅 | 93.75平米 | 南 | 精装 | 高楼层(共24层) | 板楼,178万18,987元/平
一楼的全阳好房，老少皆爱，欢迎大家推荐。,3室2厅 | 108.88平米 | 南 北 | 毛坯 | 低楼层(共26层) | 板楼,235万21,584元/平
新交付小区 环境好 出行方便 采光好 业主诚心出售房主自荐,3室2厅 | 100.89平米 | 南 北 | 毛坯 | 25层 | 板塔结合,140万13,877元/平
满五年、南北向户型、中间楼层、南开户口,2室1厅 | 66.16平米 | 南 北 | 简装 | 中楼层(共6层) | 板楼,120万18,138元/平
中间楼层，观看小区景观，前方无遮挡,2室1厅 | 93.75平米 | 南 | 精装 | 中楼层(共24层) | 板楼,160万17,067元/平
南开低楼层 南北通透大一室 小区环境好房主自荐,1室1厅 | 61.81平米 | 南 北 | 其他 | 低楼层(共6层) | 板楼,85万13,752元/平
翠杉园精装三室 低楼层无遮挡 过五年税费少,3室2厅 | 106.5平米 | 南 | 精装 | 低楼层(共18层) | 板楼,165万15,493元/平
此房过2年，是联排别墅，带地下室，带小院,4室1厅 | 144.61平米 | 南 北 | 简装 | 2层 | 板楼,499万34,507元/平
稀有户型 产权清晰 业主好沟通，诚心出售 带车位,2室1厅 | 93.75平米 | 南 | 其他 | 高楼层(共24层) | 板楼,156万16,640元/平
经典H户型 精装修 有车位 南北通透 采光好 通风强,2室2厅 | 101.07平米 | 南 北 | 精装 | 高楼层(共6层) | 板楼,185万18,305元/平
福雅花园 电梯洋房 户型方正 生活便利 视野好 诚心售,2室1厅 | 76.12平米 | 南 西北 | 其他 | 高楼层(共18层) | 塔楼,88万11,561元/平
全阳面两室 采光好 楼层好,2室2厅 | 87.52平米 | 南 北 | 毛坯 | 中楼层(共11层) | 板楼,92万10,512元/平
悦盛里一手房主、急售两居室、价格可谈,2室1厅 | 94.22平米 | 南 | 精装 | 18层 | 板楼,85万9,022元/平
海逸恋海园 方正三室好位置 出门就是地铁 诚意出售,3室2厅 | 152.8平米 | 南 北 | 简装 | 中楼层(共24层) | 板楼,450万29,451元/平
远洋 大面积两室 装修不错 诚意出售,3室1厅 | 191.75平米 | 南 北 | 其他 | 高楼层(共24层) | 板楼,450万23,469元/平
前排排户型不一样 户型好 视野开阔 采光刚刚的,3室2厅 | 90.16平米 | 南 北 | 毛坯 | 高楼层(共10层) | 板楼,118万13,088元/平
业主诚信出售，精装修全新家具家电，领包入住。,3室2厅 | 97.59平米 | 南 北 | 其他 | 15层 | 板塔结合,188万19,265元/平
精装两室视野好 无遮挡中间楼位 不对电梯无个税,2室2厅 | 94.27平米 | 南 北 | 其他 | 中楼层(共24层) | 板楼,148万15,700元/平
津门湖旁 境界梅江标准H户型 婚房装修 临街出门大门口房主自荐,2室2厅 | 123.12平米 | 南 | 精装 | 低楼层(共18层) | 板楼,290万23,555元/平
总监推荐 天辰里精装修一楼带院30平小院 135平大三室,3室2厅 | 135.57平米 | 南 北 | 其他 | 低楼层(共5层) | 板楼,225万16,597元/平
满二年，采光v无v敌，出行方便，万科物业,3室1厅 | 89.77平米 | 南 北 | 其他 | 中楼层(共8层) | 板塔结合,180万20,052元/平
诚心出售，临地铁、朝南一室一厅,1室1厅 | 50.62平米 | 南 | 简装 | 高楼层(共6层) | 板楼,50万9,878元/平
低楼层小户型，出租居住都适宜，看房提前联系,1室1厅 | 38.74平米 | 南 | 其他 | 中楼层(共6层) | 板楼,65万16,779元/平
天安珑园 精装两年 边户 家具家电全留,2室2厅 | 92.14平米 | 南 | 其他 | 23层 | 板塔结合,100万10,854元/平
依丽园 2室2厅 南 北,2室2厅 | 93.76平米 | 南 北 | 简装 | 中楼层(共18层) | 塔楼,132万14,079元/平
此房满五唯一，精装修，楼层好采光佳，业主诚心出售,1室1厅 | 63.6平米 | 南 | 精装 | 高楼层(共11层) | 板楼,86万13,523元/平
此房南北通透 带阁楼 房子状况好 采光好,2室1厅 | 127.08平米 | 南 北 | 简装 | 高楼层(共6层) | 板楼,105万8,263元/平
旭辉御府新上房源顶楼带阁楼电梯洋房四居双卫,4室2厅 | 93.09平米 | 南 北 | 精装 | 高楼层(共11层) | 板楼,180万19,337元/平
翠杉园 南北通透两室 临东兴里菜场 地铁8号线200米,2室1厅 | 83.85平米 | 南 北 | 精装 | 中楼层(共5层) | 板楼,95万11,330元/平
格调2期，中间景观楼层，采光好北面观湖景，看房方便,3室2厅 | 122.81平米 | 南 北 | 其他 | 高楼层(共9层) | 板楼,418万34,037元/平
南北向户型，精装修拎包入住，适合老少三代改善,3室2厅 | 112.38平米 | 南 | 精装 | 高楼层(共7层) | 板塔结合,248万22,068元/平
【店长推荐】融侨方圆现房 中上楼层 急售房 有钥匙,3室2厅 | 89.26平米 | 南 北 | 毛坯 | 11层 | 板塔结合,157万17,590元/平
燕南园两室小区门口位置一楼满五唯一,2室1厅 | 81.35平米 | 南 北 | 其他 | 低楼层(共28层) | 板塔结合,120万14,752元/平
大学城精装大三室 带阁楼 满五唯一 房主诚心卖,4室1厅 | 107平米 | 南 北 | 精装 | 高楼层(共5层) | 板楼,170万15,888元/平
南北通透，一楼带院带车库，全明格局，小区东门,3室3厅 | 199.63平米 | 南 北 | 其他 | 低楼层(共6层) | 板楼,430万21,540元/平
此房是星河专利户型，通风采光好，小区环境好,3室2厅 | 125.97平米 | 南 北 | 其他 | 高楼层(共7层) | 板楼,268万21,275元/平
南北朝向，一层适合老人，采光好！,3室2厅 | 144.5平米 | 南 西南 | 毛坯 | 低楼层(共5层) | 板塔结合,518万35,848元/平
店长力荐，电梯大两室，地采暖，落地窗，配套齐全,2室1厅 | 99.26平米 | 南 | 其他 | 低楼层(共9层) | 板楼,136万13,702元/平
店长力荐，聚贤里，一楼出行方便 精装修 位置好,3室2厅 | 144.7平米 | 南 北 | 其他 | 低楼层(共5层) | 板楼,278万19,213元/平
精装修三室，采光无遮挡，视野开阔，配套齐全,3室2厅 | 100.01平米 | 南 北 | 精装 | 26层 | 板塔结合,170万16,999元/平
通透独单 采光无遮挡 诚心出售,1室1厅 | 59.7平米 | 南 | 简装 | 高楼层(共6层) | 板楼,120万20,101元/平
近地铁5号线 精装修保持好 可拎包入住 楼层好 采光好,2室1厅 | 93.22平米 | 南 | 简装 | 高楼层(共32层) | 板楼,170万18,237元/平
采光好，无遮挡，业主诚心出售，购物方便,1室1厅 | 67.95平米 | 南 北 | 简装 | 高楼层(共24层) | 板楼,58万8,536元/平
金友花园 飘窗户型 两室一厅 带装修采光好,2室1厅 | 79.56平米 | 南 北 | 其他 | 高楼层(共18层) | 板楼,88万11,061元/平
户型方正，楼层好，出行方便，配套齐全,2室2厅 | 96.91平米 | 南 北 | 精装 | 11层 | 板楼,119.9万12,373元/平
旭辉御府，两室毛坯房，中高楼层，采光视野无遮挡,2室1厅 | 88.2平米 | 南 | 其他 | 高楼层(共30层) | 板楼,130万14,740元/平
满五唯一 小高层 南北通透楼层好,3室2厅 | 88.77平米 | 南 北 | 简装 | 12层 | 板楼,152万17,123元/平
电梯房，好楼层，采光好。业主诚意出售,2室1厅 | 89.67平米 | 南 北 | 其他 | 高楼层(共11层) | 板楼,122万13,606元/平
小镇聚贤里三阳开泰户型 采光好带地下室,3室2厅 | 144.81平米 | 南 北 | 精装 | 中楼层(共5层) | 板楼,248万17,126元/平
碧轩园 H户型两室 高楼层 位置好,2室2厅 | 108.66平米 | 南 北 | 其他 | 高楼层(共6层) | 板楼,160万14,725元/平
南开籍 洋房低楼层 通透小两室 采光无遮挡,2室1厅 | 60.69平米 | 南 北 | 其他 | 中楼层(共6层) | 板楼,113.5万18,702元/平
店长力荐 金地三期精装修 家电家具全带 价格可议房主自荐,3室1厅 | 101.26平米 | 南 | 精装 | 7层 | 板楼,187万18,468元/平
洋房津门湖黛湖次新房 带地下室 挑高5.7米 精装五室,5室2厅 | 187.47平米 | 南 | 精装 | 低楼层(共7层) | 板楼,630万33,606元/平
洋房四居 动静分离 一梯两户 楼层好 随时看房,3室1厅 | 135平米 | 南 北 | 其他 | 中楼层(共8层) | 板楼,295万21,852元/平
欧美精装修 满五唯一 采光好 整洁如新 拎包入住,2室1厅 | 94.93平米 | 南 北 | 其他 | 高楼层(共24层) | 板楼,199万20,963元/平
美林4楼洋房四越五，通透，利用空间大，采光好，满五房主自荐,4室2厅 | 172.49平米 | 南 北 | 其他 | 高楼层(共4层) | 板楼,228万13,219元/平
香锦园 一室 高层好户型 有装修,1室1厅 | 61.02平米 | 南 北 | 精装 | 中楼层(共17层) | 板楼,81.5万13,357元/平
富力湾天阔园 通透三室双卫位置好出行方便,3室1厅 | 127.33平米 | 南 | 其他 | 低楼层(共26层) | 板楼,212万16,650元/平
精装修 拎包入住 业主诚心卖 价格可谈,3室2厅 | 191.75平米 | 南 北 | 其他 | 低楼层(共24层) | 板楼,450万23,469元/平
精装交房大宽厅，全天采光，人车分流，挨着天街商场,3室2厅 | 169.16平米 | 南 北 | 精装 | 中楼层(共17层) | 板楼,780万46,111元/平
洋房中楼层，无遮挡采光好，精装修，出行方便,1室1厅 | 61.29平米 | 南 北 | 精装 | 中楼层(共6层) | 板楼,77万12,564元/平
大寺龙居龙府花园三室两厅两卫顶楼,3室2厅 | 121.01平米 | 东 西 | 简装 | 高楼层(共6层) | 板楼,98万8,099元/平
美的旭辉翰悦府，精装三室，拎包入住，出门地铁三号线,3室2厅 | 101.29平米 | 南 | 其他 | 33层 | 板塔结合,159万15,698元/平
通透户型，位置好，视野宽阔，好楼层，精装修,4室1厅 | 188.22平米 | 南 北 | 其他 | 低楼层(共11层) | 板楼,510万27,096元/平
盛和嘉园精装修--中间楼层--双阳户型--可拎包入住,2室1厅 | 70.09平米 | 南 | 精装 | 25层 | 板塔结合,66万9,417元/平
一楼带院地下室、（H+1大三室户型）、人车分流/地采暖,3室2厅 | 132.5平米 | 南 北 | 其他 | 低楼层(共7层) | 板楼,484万36,529元/平
房源满五唯一 次顶楼 采光好 业主诚心出售,1室1厅 | 60.35平米 | 南 北 | 简装 | 高楼层(共6层) | 板楼,73万12,097元/平
旭辉御府，精装三室户型，稀有带阁楼,3室1厅 | 91.99平米 | 北 南 | 精装 | 高楼层(共27层) | 板楼,148万16,089元/平
格局方正，中低楼层，有老人孩子都可居住 前方无遮挡,2室1厅 | 90.68平米 | 南 北 | 其他 | 中楼层(共18层) | 板楼,125万13,785元/平
云锦世家郦景园 2室2厅 南 北,2室2厅 | 90.71平米 | 南 北 | 精装 | 中楼层(共7层) | 板楼,175万19,293元/平
诚售！南向一居室，近地铁，成熟社区,1室1厅 | 66.63平米 | 南 | 简装 | 高楼层(共7层) | 板楼,75万11,257元/平
社会山北苑洋房顶楼带阁楼，保持不错，近南站,2室1厅 | 84.94平米 | 南 北 | 其他 | 高楼层(共7层) | 板楼,150万17,660元/平
聚贤里带露台带阁楼 洋房 南北通透户型 随时可看,1室1厅 | 78.96平米 | 南 北 | 简装 | 高楼层(共5层) | 板楼,83万10,512元/平
远洋万和城 2室1厅 南 北,2室1厅 | 95.54平米 | 南 北 | 其他 | 中楼层(共24层) | 板楼,180万18,841元/平
清枫园 户型方正 出房率高 诚心出售,2室1厅 | 64.88平米 | 南 | 精装 | 高楼层(共6层) | 板楼,78万12,023元/平
万科翡翠系产品，房子满二，有车位，精装修,2室1厅 | 89.26平米 | 南 | 其他 | 27层 | 板塔结合,189万21,175元/平
业主急售！带20万精装修，2个地下车位 好楼层 采光好,3室1厅 | 90.78平米 | 南 北 | 精装 | 中楼层(共17层) | 塔楼,135.5万14,927元/平
大学城 跃层两室 稀有户型 全新装修 随时可看,2室2厅 | 106.37平米 | 东南 | 精装 | 中楼层(共25层) | 板楼,96万9,026元/平
旭水蓝轩 一室 户型方正 出行便利 配套设施齐全中楼层,1室1厅 | 58.03平米 | 南 | 其他 | 中楼层(共6层) | 板楼,85万14,648元/平
电梯 次新房 两室户型方正 带装修带车位,2室2厅 | 120.51平米 | 南 | 简装 | 低楼层(共18层) | 板楼,365万30,288元/平
房子是家泰里小区满两年，诚意出售,1室1厅 | 62.28平米 | 南 北 | 简装 | 中楼层(共16层) | 板楼,55万8,832元/平
通透三室 全明户型 视野无遮挡 毛坯房,3室2厅 | 159.04平米 | 南 | 毛坯 | 高楼层(共11层) | 板楼,450万28,295元/平
房子从新装修保持很好 业主精心设计户型明厨明卫,2室1厅 | 87.9平米 | 南 北 | 精装 | 高楼层(共18层) | 板楼,193万21,957元/平
保利罗兰公馆 3室2厅 南 北,3室2厅 | 104.58平米 | 南 北 | 其他 | 低楼层(共6层) | 板楼,335万32,033元/平
中信珺台碧珺园 南北通透 两室 好楼层 无遮挡,2室1厅 | 89.97平米 | 南 北 | 简装 | 低楼层(共25层) | 板楼,200万22,230元/平
正规大一居。采光好，南侧楼间距大，诚心出售,1室1厅 | 61.21平米 | 南 北 | 精装 | 低楼层(共6层) | 板楼,55万8,986元/平
带地下车位 满五唯一 中间位置和楼层 配套齐全,3室1厅 | 91.93平米 | 南 北 | 精装 | 高楼层(共16层) | 板塔结合,150万16,317元/平
翠杉园通透一室 明厨明卫 采光全天不挡 诚心出售,1室1厅 | 69.32平米 | 南 北 | 其他 | 高楼层(共18层) | 板楼,96万13,849元/平
河畔馨居 房源 业主诚心出售 有钥匙看房方便,1室1厅 | 74.49平米 | 南 北 | 精装 | 高楼层(共26层) | 板楼,82万11,009元/平
江湾70年产权 酒店式公寓 交通方便 津衡学小旁边,1室1厅 | 65.17平米 | 南 | 其他 | 高楼层(共30层) | 板楼,105万16,112元/平
恒益隆庭顶楼带阁楼 采光好 南北通透,2室2厅 | 90.4平米 | 南 北 | 其他 | 高楼层(共6层) | 板楼,95万10,509元/平
出售 金地5期洋房 两室南北通透,2室2厅 | 79.82平米 | 南 北 | 其他 | 9层 | 板楼,153万19,169元/平
枫香园一室 随时可看 前排采光无遮挡,1室1厅 | 72.06平米 | 南 | 精装 | 中楼层(共27层) | 板楼,107万14,849元/平
大地十二城清枫园 精装修 房型好 出房率高 采光视野好,1室1厅 | 64.88平米 | 南 北 | 其他 | 高楼层(共6层) | 板楼,120万18,496元/平
枫香园精装修全阳两居室 诚意出售 价位可谈 位置好,2室2厅 | 90.68平米 | 南 | 其他 | 高楼层(共18层) | 板楼,120万13,234元/平
近地铁，南北通透一室，业主诚意出售，店长力荐,1室1厅 | 57.21平米 | 南 北 | 其他 | 高楼层(共6层) | 板楼,80万13,984元/平
南北通透带餐厅 非顶楼格局方正 业主诚心出售看房方便,2室1厅 | 99.74平米 | 南 北 | 其他 | 高楼层(共6层) | 板楼,113万11,330元/平
宝庆里 洋房两室 中间楼层 配套成熟 购物便利,2室1厅 | 100.13平米 | 南 北 | 其他 | 中楼层(共5层) | 板楼,115万11,486元/平
店长推荐，南北通透，楼层好，位置好,3室2厅 | 115.32平米 | 南 北 | 简装 | 中楼层(共5层) | 板塔结合,169.8万14,725元/平
边户通透户型价格能谈业主诚意出售,2室1厅 | 81.74平米 | 南 | 其他 | 中楼层(共26层) | 板楼,104万12,724元/平
店长推荐好房 H户型 通风好，通透全明，免费停车,2室1厅 | 97.74平米 | 南 北 | 简装 | 低楼层(共9层) | 板楼,115万11,766元/平
户型方正，河西户口，楼间距大！,1室1厅 | 53.86平米 | 南 | 其他 | 高楼层(共6层) | 板楼,108万20,052元/平
总监推荐 精装一室 中层 满五唯一 省税 带车位 诚心卖,1室1厅 | 52.64平米 | 南 | 其他 | 中楼层(共25层) | 板楼,91万17,288元/平
楼座位置好 南向视野开阔 采光无遮挡,2室2厅 | 87.91平米 | 南 北 | 精装 | 高楼层(共15层) | 板塔结合,95万10,807元/平
博文苑联排边户办公装修业主诚意卖看房提前,6室1厅 | 238.39平米 | 南 北 | 其他 | 3层 | 板塔结合,450万18,877元/平
大学城，大产权精装一室，采光好，地下免费停车,1室1厅 | 63.72平米 | 南 | 精装 | 低楼层(共22层) | 板塔结合,68万10,672元/平
能看二期公园中间楼层，业主自住，楼层很好，采光也好,2室2厅 | 90.06平米 | 南 | 精装 | 29层 | 板塔结合,178万19,765元/平
兴旺里 力荐好房70年产权诚心出售 价格可谈,2室1厅 | 52.63平米 | 南 北 | 简装 | 中楼层(共4层) | 板楼,41万7,791元/平
诚心卖，采光好，没有遮挡，楼栋位置好,2室1厅 | 95.66平米 | 南 北 | 精装 | 中楼层(共5层) | 板楼,78万8,154元/平
入住密度低。一梯两户，格局很好，全明户型，采光好,3室2厅 | 112平米 | 南 | 精装 | 低楼层(共7层) | 板楼,190万16,965元/平
上叠别墅，业主已做基建，空调，地暖已完善,3室1厅 | 119.83平米 | 南 | 简装 | 上叠(共4层) | 板楼 | 叠拼别墅,268万22,366元/平
金地五期H+1全明通透，采光好，密度低,3室2厅 | 88.85平米 | 南 | 毛坯 | 8层 | 板楼,145万16,320元/平
边户北向没连廊,大宽厅,明星户型,好楼层,房主诚心卖,2室1厅 | 80.64平米 | 南 北 | 其他 | 高楼层(共18层) | 板楼,140万17,362元/平
业主诚意买 价格能商量 私产诚意卖,1室1厅 | 53.6平米 | 南 | 其他 | 高楼层(共6层) | 板楼,80.5万15,019元/平
标准大两室，采光无遮挡，店长推荐好房,2室1厅 | 89.97平米 | 南 北 | 其他 | 高楼层(共6层) | 板楼,138万15,339元/平
鸣泉花园三室好户型 视野开阔 位置好 诚意出售,3室2厅 | 137.37平米 | 南 北 | 精装 | 中楼层(共30层) | 板楼,398万28,973元/平
视野宽阔 采光充足 交通便利 满足日常生活所需,2室1厅 | 79.32平米 | 南 | 简装 | 高楼层(共6层) | 板楼,124万15,633元/平
南北向两室，满五年在津唯一住房，前后无遮挡,2室2厅 | 89.46平米 | 南 北 | 精装 | 中楼层(共6层) | 板楼,169万18,892元/平
波士顿建筑风格 满五年唯一 实木家具 电梯洋房,2室2厅 | 89.09平米 | 南 北 | 精装 | 高楼层(共11层) | 板楼,158万17,735元/平
美的云筑 精装2室 前面无遮挡 采光好 看房方便 中间楼,2室2厅 | 79.28平米 | 南 | 其他 | 11层 | 板塔结合,210万26,489元/平
100平南北通透大两室好装修可拎包入住,2室1厅 | 100.25平米 | 南 北 | 精装 | 低楼层(共27层) | 板楼,178万17,756元/平
中间楼层，近地铁，户型方正，无遮挡，采光视野好,1室1厅 | 69.96平米 | 西南 | 简装 | 中楼层(共26层) | 板楼,85万12,150元/平
好户型 好位置 可做院 装修保持好 无需二次装修,3室2厅 | 140.08平米 | 南 北 | 其他 | 低楼层(共9层) | 板楼,315万22,488元/平
梅江全阳 两居室 中间楼层 业主急售,2室1厅 | 84.06平米 | 南 | 其他 | 中楼层(共18层) | 板楼,185万22,009元/平
华亭丽园 精装三室 好楼层 采光好 随时看房 诚心出售,3室2厅 | 93.43平米 | 南 北 | 精装 | 高楼层(共18层) | 板楼,135万14,450元/平
三期高层中间楼层，南北通透户型,2室2厅 | 92.4平米 | 南 北 | 精装 | 26层 | 板塔结合,119万12,879元/平
兴姜里 户型方正 出行便利配套设施齐全两室户型,2室1厅 | 71.09平米 | 南 北 | 其他 | 低楼层(共6层) | 板楼,119.5万16,810元/平
中间楼层 双阳户型 门口就是公交站,2室1厅 | 80.01平米 | 东南 南 | 简装 | 中楼层(共18层) | 塔楼,130万16,248元/平
万科物业 人车分流 满五年 离地铁站 商场都近房主自荐,2室2厅 | 88.61平米 | 南 北 | 其他 | 中楼层(共28层) | 板楼,149万16,816元/平
过五年南北通透H户型楼层采光视野好有钥匙诚意出售,2室1厅 | 95.34平米 | 南 北 | 简装 | 高楼层(共6层) | 板楼,130万13,636元/平
南北通透 南开户 五楼 楼栋位置好,2室1厅 | 94.9平米 | 南 北 | 简装 | 高楼层(共6层) | 板楼,99.8万10,517元/平
房子满五年，精装修，无遮挡，近地铁，出行方便,2室1厅 | 96.71平米 | 南 北 | 其他 | 中楼层(共9层) | 板楼,185万19,130元/平
聚贤里，大两室，三十w精装修好楼层,2室1厅 | 110.57平米 | 南 北 | 其他 | 中楼层(共5层) | 板楼,135万12,210元/平
此房税费低，楼层好，精装修，实用面积大，配套齐全,2室2厅 | 96.36平米 | 南 北 | 精装 | 中楼层(共7层) | 板楼,152万15,775元/平
云锦世家 精装修 电梯房 带阁楼 诚意卖,3室2厅 | 106.94平米 | 南 北 | 精装 | 高楼层(共7层) | 板楼,430万40,210元/平
店长推荐 全阳两居 楼位好 采光好 诚心出售 价格可谈,2室1厅 | 76.34平米 | 南 | 精装 | 低楼层(共11层) | 板塔结合,130万17,030元/平
中间楼层 户型方正 诚心出售 价格可谈 随时看房,1室1厅 | 66.54平米 | 南 北 | 其他 | 18层 | 板楼,56万8,416元/平
环内 精装修 通透大2室 全明户型 近地铁 配套齐拎包住,2室1厅 | 97.13平米 | 南 | 简装 | 高楼层(共6层) | 板楼,178万18,326元/平
低楼层，看房方便，用不到业主考虑变现，诚心卖,1室1厅 | 53.09平米 | 东 西 | 简装 | 低楼层(共6层) | 板楼,95万17,895元/平
电梯洋房 双阳卧室 满2年 精装基础已完成 地下车位,3室2厅 | 164.58平米 | 南 | 简装 | 中楼层(共10层) | 暂无数据,630万38,280元/平
此房满五年，税费低， 前后阳台带装修,3室2厅 | 129.22平米 | 南 北 | 简装 | 5层 | 板楼,178万13,775元/平
纯洋房社区 两居舒适人口密度低 精装修,2室1厅 | 92.74平米 | 南 | 其他 | 低楼层(共6层) | 板楼,148万15,959元/平
不临高铁的两居室 精装修 满五唯一,2室2厅 | 83.03平米 | 南 | 其他 | 中楼层(共27层) | 板楼,120万14,453元/平
津尚花园 3室1厅 南,3室1厅 | 91.52平米 | 南 | 精装 | 高楼层(共17层) | 板楼,112万12,238元/平
近地铁 南北朝向 户型通透 采光好 诚心出售,2室1厅 | 100.91平米 | 南 | 精装 | 高楼层(共6层) | 板楼,160万15,856元/平
全明通透 采光视野好 出行便利 配套完善 诚心出售,2室1厅 | 90.49平米 | 南 北 | 精装 | 高楼层(共18层) | 板楼,139万15,361元/平
梅江联排边户，环院150平米，200万装修，一楼有卧室,7室3厅 | 250.05平米 | 南 北 | 精装 | 3层 | 板楼,1160万46,391元/平
楼层低位置好 带露台 业主诚意卖 随时可看,3室2厅 | 141.79平米 | 南 北 | 其他 | 中楼层(共5层) | 板楼,279万19,677元/平
位置好 满五唯一 无遮挡 总监推荐,3室1厅 | 89.71平米 | 南 北 | 精装 | 低楼层(共9层) | 板塔结合,141万15,718元/平
急急急！！！客户急售，价格合适,4室2厅 | 183.54平米 | 南 北 | 精装 | 高楼层(共6层) | 板楼,342万18,634元/平
店长推荐 高楼层边户 拎包入住,2室1厅 | 91.67平米 | 南 北 | 精装 | 高楼层(共24层) | 板楼,95万10,364元/平
社会山北苑，一楼带院带储藏间，价格可议，看房随时,3室1厅 | 90.03平米 | 南 北 | 精装 | 低楼层(共11层) | 板楼,150万16,662元/平
万科品质，通透方正户型，中间楼层， 小区中间位置,3室2厅 | 115.98平米 | 南 北 | 精装 | 中楼层(共5层) | 板塔结合,188万16,210元/平
万科四季雅园 3室2厅 南,3室2厅 | 89.73平米 | 南 | 精装 | 高楼层(共8层) | 板塔结合,116万12,928元/平
业主诚心卖，15层采光充足视野好,2室2厅 | 93.17平米 | 南 北 | 其他 | 高楼层(共18层) | 板楼,136万14,597元/平
正规一室 总价低 看房方便 紧挨中北大道物美菜市场,1室1厅 | 61.23平米 | 南 | 简装 | 低楼层(共18层) | 板楼,85万13,883元/平
此房满五唯一， 采光无遮挡 ，楼间距款 车位充足,2室2厅 | 101.26平米 | 南 北 | 简装 | 高楼层(共6层) | 板楼,159万15,703元/平
万科物业 洋房一梯两户 有露台 价位可谈 诚意卖,2室1厅 | 85.78平米 | 南 北 | 精装 | 高楼层(共6层) | 板塔结合,155万18,070元/平
枫香园 中间楼层 看房提前约 价位能谈 全阳两室,2室1厅 | 90.2平米 | 南 北 | 精装 | 中楼层(共18层) | 板楼,148万16,408元/平
柳馨两室南北通透采光充足有阁楼上下两层使用面积大,2室1厅 | 87.3平米 | 南 北 | 其他 | 高楼层(共6层) | 板楼,96万10,997元/平
华亭丽园 采光好 交通便利 产权清晰 诚意出售,1室1厅 | 75.08平米 | 南 北 | 精装 | 中楼层(共18层) | 板楼,95万12,654元/平
满五唯一，中高层采光好，业主诚心出售,2室1厅 | 90.24平米 | 南 | 精装 | 高楼层(共32层) | 板塔结合,150万16,623元/平
楼层好 视野好 出行方便，户型方正南北通透，居住方便,3室2厅 | 127.05平米 | 南 北 | 精装 | 中楼层(共25层) | 板楼,226万17,789元/平
阁楼能住人，阁楼不在房本面积。精装，拎包入住,1室1厅 | 61.29平米 | 东 南 北 | 其他 | 高楼层(共6层) | 板楼,79万12,890元/平
津门湖观景一居室，中间楼层，价格合适，急售,1室1厅 | 40.81平米 | 南 | 简装 | 低楼层(共30层) | 板楼,89万21,809元/平
全明户型 楼层采光好 花园式社区,2室1厅 | 73.92平米 | 南 | 其他 | 26层 | 板楼,59万7,982元/平
全明南北通透 业主诚心出售 万科物业 人车分流小区,2室1厅 | 89.34平米 | 南 北 | 精装 | 高楼层(共28层) | 板楼,142万15,895元/平
精装修 落地窗 洋房中间楼层 一梯两户房主自荐,2室1厅 | 92.65平米 | 南 北 | 精装 | 中楼层(共6层) | 板楼,125万13,492元/平
水岸华庭 一楼 随时可看 价格可议,2室1厅 | 61.46平米 | 南 | 其他 | 低楼层(共6层) | 板楼,77万12,529元/平
店长推荐诚信出售金地三期三室位置佳满五唯一随时看房,3室1厅 | 96.76平米 | 南 | 毛坯 | 18层 | 板楼,137万14,159元/平
社会山别墅 南侧大花园 小区中间位置 采光好环境优雅,5室1厅 | 224.95平米 | 南 北 | 其他 | 3层 | 板楼 | 联排别墅,520万23,117元/平
金地三期楼位好 楼层好 采光好 无遮挡 诚心卖 随时看,3室1厅 | 95.92平米 | 北 南 | 毛坯 | 11层 | 板楼,180万18,766元/平
大三居7层到顶的电梯洋房，业主诚心出售,3室2厅 | 125.56平米 | 南 北 | 其他 | 低楼层(共7层) | 板楼,256万20,389元/平
大地六期 精装大三室 可拎包入住 满五唯一 户型方正,3室2厅 | 128.66平米 | 南 北 | 精装 | 低楼层(共27层) | 板楼,198万15,390元/平
店长推荐 满二年 精装大一居采光充足 无遮挡,1室1厅 | 80.3平米 | 南 | 精装 | 高楼层(共13层) | 板楼,185万23,039元/平
天安珑园大三居精装 满五唯一诚心售,3室2厅 | 143.89平米 | 南 北 | 精装 | 25层 | 板塔结合,178万12,371元/平
精装好房，通透方正户型，精装修，业主诚心卖,3室2厅 | 108.14平米 | 南 北 | 其他 | 21层 | 板塔结合,245万22,656元/平
朗庭园二期两居，南北通透户型 视野好 带车位,2室1厅 | 96.87平米 | 南 北 | 其他 | 高楼层(共23层) | 板楼,165万17,034元/平
河西东湖 2000年商品房 大一室 居住舒适 车位充足,1室1厅 | 53.69平米 | 南 | 其他 | 中楼层(共6层) | 板楼,123万22,910元/平
枫香园中上楼层全天采光标准两室诚心卖房主自荐,2室1厅 | 90.2平米 | 南 北 | 其他 | 中楼层(共18层) | 板楼,131万14,524元/平
房子过5年，南北双阳台，全明，卫生间带窗户，采光好,2室1厅 | 95.92平米 | 南 北 | 简装 | 高楼层(共6层) | 板楼,89万9,279元/平
一室双阳户型 免费地下停车 采光敞亮,1室1厅 | 65.4平米 | 南 | 简装 | 高楼层(共22层) | 板塔结合,62万9,481元/平
景园里 正规三室 非顶楼 看房随时,3室1厅 | 86.29平米 | 南 | 其他 | 高楼层(共6层) | 板楼,115万13,328元/平
次新小区，采光很好，停车方便，生活成本低,2室1厅 | 90.86平米 | 南 | 精装 | 低楼层(共22层) | 板塔结合,93万10,236元/平
紫台3居精装修。好位置，好楼层,3室2厅 | 102.61平米 | 南 北 | 其他 | 低楼层(共25层) | 板楼,250万24,365元/平
店长推荐 户型方正，全阳采光充足，中楼层采光好,1室1厅 | 66.73平米 | 南 | 简装 | 高楼层(共18层) | 板塔结合,65万9,741元/平
经典南北通透H户型中间楼层大两居,2室1厅 | 89.79平米 | 南 北 | 简装 | 中楼层(共6层) | 板楼,114万12,697元/平
本房满五唯一，业主婚房装修，边户好楼层，随时看房,3室2厅 | 90.05平米 | 南 北 | 其他 | 高楼层(共16层) | 板塔结合,170万18,879元/平
总监推荐，碧桂园精选低总价2室，看房方便,2室1厅 | 82.21平米 | 南 | 精装 | 15层 | 板塔结合,130万15,814元/平
进来看看，满五唯一，华庭精装修小两居，业主诚意出售,2室1厅 | 65.9平米 | 南 | 精装 | 低楼层(共28层) | 板楼,54.5万8,271元/平
富力湾天阔园 好楼层 无遮挡 满五唯一,2室1厅 | 89.69平米 | 南 北 | 精装 | 中楼层(共28层) | 板楼,155万17,282元/平
南侧无遮挡 格局合理 室内功能齐全 门口就是公园,1室1厅 | 61.08平米 | 南 北 | 精装 | 低楼层(共26层) | 板楼,108万17,682元/平
津门湖毛坯两室没住过人 中间楼层 采光无遮挡,2室1厅 | 92.39平米 | 南 | 其他 | 高楼层(共22层) | 板楼,210万22,730元/平
香锦园两室H户型 户型方正 采光良好 业主诚心出售,2室1厅 | 89.74平米 | 南 北 | 其他 | 高楼层(共11层) | 板楼,135万15,044元/平
此房满五年，中间楼层，此房产权没问题。业主诚心出售房主自荐,2室2厅 | 92.65平米 | 南 | 其他 | 中楼层(共6层) | 板楼,123万13,276元/平
招商公园 次新房 一半绿化一半住宅 人车分流房主自荐,3室2厅 | 117.63平米 | 南 北 | 精装 | 26层 | 板塔结合,181.3万15,413元/平
香堤庭院联排别墅，地上两层带地下室，精装修带车位,8室2厅 | 300.63平米 | 南 北 | 精装 | 3层 | 板楼,520万17,298元/平
精装修三室，装修保持好，有租的车位，楼间距大采光好,2室2厅 | 92.62平米 | 南 北 | 精装 | 低楼层(共18层) | 板楼,169万18,247元/平
此房小区建筑是西班牙风格 打造一种西班牙小镇风情,1室1厅 | 63.19平米 | 南 | 其他 | 中楼层(共16层) | 板楼,93万14,718元/平
楼栋位置好户型好有三个阳台北面看别墅视野好过五唯一必看好房,2室1厅 | 87.35平米 | 西北 | 简装 | 低楼层(共34层) | 板塔结合,316万36,177元/平
桂江里私产满2年低楼层南北通透2室采光好精装修必看好房,2室1厅 | 67.76平米 | 南 北 | 精装 | 6层 | 板塔结合,145万21,400元/平
业主诚意出售 价格可谈 随时签约 产权清晰,1室1厅 | 63平米 | 西 | 毛坯 | 高楼层(共30层) | 塔楼,85万13,493元/平
此房满五唯一 交通便利 小区环境很好 近地铁高铁站,2室1厅 | 95.88平米 | 南 北 | 简装 | 中楼层(共7层) | 板楼,259万27,013元/平
2005年商品房 龙博花园 3楼 南北通透 偏单 满五年,2室1厅 | 85.27平米 | 南 北 | 简装 | 中楼层(共6层) | 板楼,163万19,116元/平
